-- --------------------------------------------------------
-- Host:                         127.0.0.1
-- Server version:               8.0.30 - MySQL Community Server - GPL
-- Server OS:                    Win64
-- HeidiSQL Version:             12.1.0.6537
-- --------------------------------------------------------

/*!40101 SET @OLD_CHARACTER_SET_CLIENT=@@CHARACTER_SET_CLIENT */;
/*!40101 SET NAMES utf8 */;
/*!50503 SET NAMES utf8mb4 */;
/*!40103 SET @OLD_TIME_ZONE=@@TIME_ZONE */;
/*!40103 SET TIME_ZONE='+00:00' */;
/*!40014 SET @OLD_FOREIGN_KEY_CHECKS=@@FOREIGN_KEY_CHECKS, FOREIGN_KEY_CHECKS=0 */;
/*!40101 SET @OLD_SQL_MODE=@@SQL_MODE, SQL_MODE='NO_AUTO_VALUE_ON_ZERO' */;
/*!40111 SET @OLD_SQL_NOTES=@@SQL_NOTES, SQL_NOTES=0 */;


-- Dumping database structure for best_smartphone_ahp_saw
CREATE DATABASE IF NOT EXISTS `best_smartphone_ahp_saw` /*!40100 DEFAULT CHARACTER SET utf8mb4 COLLATE utf8mb4_unicode_ci */ /*!80016 DEFAULT ENCRYPTION='N' */;
USE `best_smartphone_ahp_saw`;

SET FOREIGN_KEY_CHECKS = 0;

-- Dumping structure for table best_smartphone_ahp_saw.ahp
CREATE TABLE IF NOT EXISTS `ahp` (
  `uuid` varchar(225) NOT NULL,
  `criteria_a_uuid` varchar(225) NOT NULL,
  `criteria_b_uuid` varchar(225) NOT NULL,
  `value` decimal(20,6) NOT NULL DEFAULT '0.000000',
  PRIMARY KEY (`uuid`),
  KEY `fk_ahp_to_criterias_a` (`criteria_a_uuid`),
  KEY `fk_ahp_to_criterias_b` (`criteria_b_uuid`),
  CONSTRAINT `fk_ahp_to_criterias_a` FOREIGN KEY (`criteria_a_uuid`) REFERENCES `criterias` (`uuid`) ON DELETE CASCADE ON UPDATE CASCADE,
  CONSTRAINT `fk_ahp_to_criterias_b` FOREIGN KEY (`criteria_b_uuid`) REFERENCES `criterias` (`uuid`) ON DELETE CASCADE ON UPDATE CASCADE
);

-- Dumping data for table best_smartphone_ahp_saw.ahp: ~30 rows (approximately)
INSERT INTO `ahp` (`uuid`, `criteria_a_uuid`, `criteria_b_uuid`, `value`) VALUES
	('07541010-9ca1-4c3b-83fa-b46fbdc176b7', '8b0da664-9b9a-4dd7-97b6-c2d6842003a5', 'abbd7b77-5410-42b7-ab39-e35770f07338', 0.500000),
	('114516fd-ec3b-4e1f-8780-d9f82332aa45', '780a1a80-6439-48ba-8463-56fe2d021610', '55068076-ceb7-4f3e-b5a3-8e15624bfcd0', 0.500000),
	('27ecf6aa-2b39-48bd-ae99-d47904723bc3', '780a1a80-6439-48ba-8463-56fe2d021610', 'abbd7b77-5410-42b7-ab39-e35770f07338', 2.000000),
	('35c40d09-375f-4d85-99e8-daa77cd2bae6', '247b464e-d3d0-434c-8c22-9b90ca9af945', '8b0da664-9b9a-4dd7-97b6-c2d6842003a5', 2.000000),
	('3b41802d-c847-468d-bf72-637be2783d12', 'c7910a27-870b-4d6a-a591-53b3aed24315', 'abbd7b77-5410-42b7-ab39-e35770f07338', 0.333333),
	('3c986985-07aa-437b-8d0a-a1316da3da64', '8b0da664-9b9a-4dd7-97b6-c2d6842003a5', 'c7910a27-870b-4d6a-a591-53b3aed24315', 3.000000),
	('3f3b13f4-dbe5-48f6-a140-23efe4e12076', 'c7910a27-870b-4d6a-a591-53b3aed24315', '8b0da664-9b9a-4dd7-97b6-c2d6842003a5', 0.333333),
	('404e3a77-4cfa-4bfd-ad40-3d8cb03dcfe4', '55068076-ceb7-4f3e-b5a3-8e15624bfcd0', '780a1a80-6439-48ba-8463-56fe2d021610', 2.000000),
	('55018191-2ce6-4751-897f-93637a298b7b', 'abbd7b77-5410-42b7-ab39-e35770f07338', '55068076-ceb7-4f3e-b5a3-8e15624bfcd0', 0.500000),
	('6a1a136d-5ae0-47c8-86bf-5426eb1377e4', 'abbd7b77-5410-42b7-ab39-e35770f07338', '247b464e-d3d0-434c-8c22-9b90ca9af945', 0.500000),
	('6e4381e0-d1bd-4e0b-863d-f38a822414f9', '780a1a80-6439-48ba-8463-56fe2d021610', 'c7910a27-870b-4d6a-a591-53b3aed24315', 3.000000),
	('6f3197db-a456-497a-a810-36bf1cf4d2b6', 'c7910a27-870b-4d6a-a591-53b3aed24315', '247b464e-d3d0-434c-8c22-9b90ca9af945', 0.333333),
	('6f479f32-72b9-4e92-9ac1-7d2f8b4b3cc4', '780a1a80-6439-48ba-8463-56fe2d021610', '8b0da664-9b9a-4dd7-97b6-c2d6842003a5', 2.000000),
	('89b75c94-dbce-451b-ae59-7d4ceca30ab6', 'c7910a27-870b-4d6a-a591-53b3aed24315', '55068076-ceb7-4f3e-b5a3-8e15624bfcd0', 0.333333),
	('8aee95a5-3536-4fa2-98ac-020c9817c6a3', 'abbd7b77-5410-42b7-ab39-e35770f07338', 'c7910a27-870b-4d6a-a591-53b3aed24315', 3.000000),
	('9b0ae5a6-e2ab-4191-a5b5-4478ea90d189', '8b0da664-9b9a-4dd7-97b6-c2d6842003a5', '247b464e-d3d0-434c-8c22-9b90ca9af945', 0.500000),
	('a7813212-ca88-4c82-a73f-6db54391bc3b', 'abbd7b77-5410-42b7-ab39-e35770f07338', '8b0da664-9b9a-4dd7-97b6-c2d6842003a5', 2.000000),
	('aaa1f9f3-aad4-48ac-b81e-3b62f15d9bde', '55068076-ceb7-4f3e-b5a3-8e15624bfcd0', 'c7910a27-870b-4d6a-a591-53b3aed24315', 3.000000),
	('b2934025-e5f0-462d-b7cf-bd8078ba92ef', '247b464e-d3d0-434c-8c22-9b90ca9af945', '780a1a80-6439-48ba-8463-56fe2d021610', 0.500000),
	('b32692e0-3620-4f40-a588-1be1ea1fe13e', '8b0da664-9b9a-4dd7-97b6-c2d6842003a5', '780a1a80-6439-48ba-8463-56fe2d021610', 0.500000),
	('c143d85a-3caa-4d0e-9f1e-dcc06edec5ce', '55068076-ceb7-4f3e-b5a3-8e15624bfcd0', 'abbd7b77-5410-42b7-ab39-e35770f07338', 2.000000),
	('c2fa0189-c339-4f46-9237-a983544bad37', '55068076-ceb7-4f3e-b5a3-8e15624bfcd0', '8b0da664-9b9a-4dd7-97b6-c2d6842003a5', 2.000000),
	('c81b8ab2-b3ee-43d8-9862-3b8319f7f3fe', 'c7910a27-870b-4d6a-a591-53b3aed24315', '780a1a80-6439-48ba-8463-56fe2d021610', 0.333333),
	('d7847380-f050-4673-b6fc-c6bf168920c5', 'abbd7b77-5410-42b7-ab39-e35770f07338', '780a1a80-6439-48ba-8463-56fe2d021610', 0.500000),
	('d9949803-f539-412e-a617-9eaa94cd8538', '780a1a80-6439-48ba-8463-56fe2d021610', '247b464e-d3d0-434c-8c22-9b90ca9af945', 2.000000),
	('dd94fec1-5570-46ed-9a6b-d5dca6290c97', '247b464e-d3d0-434c-8c22-9b90ca9af945', '55068076-ceb7-4f3e-b5a3-8e15624bfcd0', 0.500000),
	('deab3fa3-55c1-420b-9aa3-b5b5150f0ff8', '247b464e-d3d0-434c-8c22-9b90ca9af945', 'abbd7b77-5410-42b7-ab39-e35770f07338', 2.000000),
	('f4fc3f77-b2be-4e20-bb8d-9b318c4da526', '247b464e-d3d0-434c-8c22-9b90ca9af945', 'c7910a27-870b-4d6a-a591-53b3aed24315', 3.000000),
	('f83b9627-1c68-44a0-9802-6625155fdeb5', '55068076-ceb7-4f3e-b5a3-8e15624bfcd0', '247b464e-d3d0-434c-8c22-9b90ca9af945', 2.000000),
	('f97630e1-6cc9-46b0-9676-30b9bf2c8250', '8b0da664-9b9a-4dd7-97b6-c2d6842003a5', '55068076-ceb7-4f3e-b5a3-8e15624bfcd0', 0.500000);

-- Dumping structure for table best_smartphone_ahp_saw.alternatives
CREATE TABLE IF NOT EXISTS `alternatives` (
  `uuid` varchar(225) CHARACTER SET utf8mb4 NOT NULL,
  `code` varchar(225) NOT NULL,
  `image` varchar(225) CHARACTER SET utf8mb4 NOT NULL,
  `name` varchar(225) NOT NULL,
  `created_at` timestamp NOT NULL DEFAULT CURRENT_TIMESTAMP,
  `updated_at` timestamp NULL DEFAULT NULL,
  PRIMARY KEY (`uuid`) USING BTREE,
  UNIQUE KEY `uuid` (`uuid`) USING BTREE
) ROW_FORMAT=DYNAMIC;

-- Dumping data for table best_smartphone_ahp_saw.alternatives: ~50 rows (approximately)
INSERT INTO `alternatives` (`uuid`, `code`, `image`, `name`, `created_at`, `updated_at`) VALUES
	('a0810e63-5ae1-45b2-ae97-0ef5e0dc3e14', 'A01', 'alternatives/1.jpg', 'Samsung Galaxy Z Flip 5', '2025-12-03 04:32:06', '2025-12-03 04:32:06'),
	('a0810e63-794c-4ede-a72e-4db8d6abae99', 'A02', 'alternatives/2.jpg', 'Xiaomi 14 Ultra', '2025-12-03 04:32:06', '2025-12-03 04:32:06'),
	('a0810e63-8073-4704-98fb-e6a4cdad846e', 'A03', 'alternatives/3.jpg', 'Poco F6', '2025-12-03 04:32:06', '2025-12-03 04:32:06'),
	('a0810e63-8749-4b64-b7d1-37e1de515183', 'A04', 'alternatives/4.jpg', 'Samsung Galaxy S24 Ultra', '2025-12-03 04:32:06', '2025-12-03 04:32:06'),
	('a0810e63-8e33-45fa-a370-8f1702a62301', 'A05', 'alternatives/5.jpg', 'Samsung Galaxy S24', '2025-12-03 04:32:06', '2025-12-03 04:32:06'),
	('a0810e63-95ad-4821-95b1-d2c770f1252f', 'A06', 'alternatives/6.jpg', 'Samsung Galaxy Z Fold 5', '2025-12-03 04:32:06', '2025-12-03 04:32:06'),
	('a0810e63-9c65-4cdd-adad-b05851d2c4a8', 'A07', 'alternatives/7.jpg', 'Samsung Galaxy A54 5G', '2025-12-03 04:32:06', '2025-12-03 04:32:06'),
	('a0810e63-a2ac-4f60-94f1-b2f656758717', 'A08', 'alternatives/8.jpg', 'Samsung Galaxy A34 5G', '2025-12-03 04:32:06', '2025-12-03 04:32:06'),
	('a0810e63-a8e5-4828-a274-7aff34e03dce', 'A09', 'alternatives/9.jpg', 'Samsung Galaxy A24', '2025-12-03 04:32:06', '2025-12-03 04:32:06'),
	('a0810e63-b100-4223-b5e7-6093e08c6086', 'A10', 'alternatives/10.jpg', 'Samsung Galaxy A15 5G', '2025-12-03 04:32:06', '2025-12-03 04:32:06'),
	('a0810e63-b8d8-474b-86f6-1d875602ad65', 'A11', 'alternatives/11.jpg', 'Xiaomi 14T Pro', '2025-12-03 04:32:06', '2025-12-03 04:32:06'),
	('a0810e63-c041-4e22-8553-940c74ad0ee5', 'A12', 'alternatives/12.jpg', 'Xiaomi 14T', '2025-12-03 04:32:06', '2025-12-03 04:32:06'),
	('a0810e63-c7b3-42a8-9095-f3d5af2a6dbc', 'A13', 'alternatives/13.jpg', 'Redmi Note 13 Pro 5G', '2025-12-03 04:32:06', '2025-12-03 04:32:06'),
	('a0810e63-ce18-42fd-b062-e40e3eaef39c', 'A14', 'alternatives/14.jpg', 'Redmi Note 13 5G', '2025-12-03 04:32:06', '2025-12-03 04:32:06'),
	('a0810e63-d523-4d2a-b86c-1f816fa053a2', 'A15', 'alternatives/15.jpg', 'Redmi 14C', '2025-12-03 04:32:06', '2025-12-03 04:32:06'),
	('a0810e63-dc25-46fb-9e81-dee874e25fb1', 'A16', 'alternatives/16.jpg', 'Poco X6 Pro 5G', '2025-12-03 04:32:06', '2025-12-03 04:32:06'),
	('a0810e63-e334-49f3-a979-4e6b7de5af31', 'A17', 'alternatives/17.jpg', 'Poco X6 5G', '2025-12-03 04:32:06', '2025-12-03 04:32:06'),
	('a0810e63-e9bd-42ca-904e-bff0c415d8be', 'A18', 'alternatives/18.jpg', 'Poco C75', '2025-12-03 04:32:06', '2025-12-03 04:32:06'),
	('a0810e63-eff3-48f8-b04f-194cda8e9c05', 'A19', 'alternatives/19.jpg', 'Samsung Galaxy S25 Ultra', '2025-12-03 04:32:06', '2025-12-03 04:32:06'),
	('a0810e63-f784-4112-af91-d4a124752829', 'A20', 'alternatives/20.jpg', 'Xiaomi 14 Pro', '2025-12-03 04:32:06', '2025-12-03 04:32:06'),
	('a0810e63-fcff-4cbc-9034-0ba727a0ee00', 'A21', 'alternatives/21.jpg', 'Oppo Find X7', '2025-12-03 04:32:06', '2025-12-03 04:32:06'),
	('a0810e64-0520-4b04-9315-ad10ec3be415', 'A22', 'alternatives/22.jpg', 'Samsung Galaxy S23 Ultra', '2025-12-03 04:32:06', '2025-12-03 04:32:06'),
	('a0810e64-0eba-479d-b8af-69729aa3e679', 'A23', 'alternatives/23.jpg', 'Xiaomi 13T Pro', '2025-12-03 04:32:06', '2025-12-03 04:32:06'),
	('a0810e64-1608-450b-95d8-4b000990201a', 'A24', 'alternatives/24.jpg', 'Oppo Find X8', '2025-12-03 04:32:06', '2025-12-03 04:32:06'),
	('a0810e64-1cb8-4620-a9ba-4cc550f7a4b2', 'A25', 'alternatives/25.jpg', 'Oppo Find X8 Pro', '2025-12-03 04:32:06', '2025-12-03 04:32:06'),
	('a0810e64-2413-48db-b962-523941058824', 'A26', 'alternatives/26.jpg', 'Oppo Reno 12', '2025-12-03 04:32:06', '2025-12-03 04:32:06'),
	('a0810e64-2c8f-45bd-952f-ae180a96f2a1', 'A27', 'alternatives/27.jpg', 'Oppo A78 5G', '2025-12-03 04:32:06', '2025-12-03 04:32:06'),
	('a0810e64-34b6-40f5-9cb4-3815abe99e8f', 'A28', 'alternatives/28.jpg', 'Vivo V40 5G', '2025-12-03 04:32:06', '2025-12-03 04:32:06'),
	('a0810e64-3c2c-45d2-b29e-e87f521e6806', 'A29', 'alternatives/29.jpg', 'Vivo V30 Pro', '2025-12-03 04:32:06', '2025-12-03 04:32:06'),
	('a0810e64-417e-40fa-9975-17a8a8c452cc', 'A30', 'alternatives/30.jpg', 'Vivo Y100 5G', '2025-12-03 04:32:06', '2025-12-03 04:32:06'),
	('a0810e64-4799-4712-8246-3c652fb2c0df', 'A31', 'alternatives/31.jpg', 'Realme 12 Pro Plus', '2025-12-03 04:32:06', '2025-12-03 04:32:06'),
	('a0810e64-4ead-432a-bf87-c43505297c16', 'A32', 'alternatives/32.jpg', 'Realme 12 Plus 5G', '2025-12-03 04:32:06', '2025-12-03 04:32:06'),
	('a0810e64-5579-4755-9c94-d12953b73b07', 'A33', 'alternatives/33.jpg', 'Realme C67', '2025-12-03 04:32:06', '2025-12-03 04:32:06'),
	('a0810e64-5cae-4240-945d-f3b62563345d', 'A34', 'alternatives/34.jpg', 'Huawei Mate X6', '2025-12-03 04:32:06', '2025-12-03 04:32:06'),
	('a0810e64-6443-4b09-a145-70f69af0f7a3', 'A35', 'alternatives/35.jpg', 'Huawei Pura 70 Ultra', '2025-12-03 04:32:06', '2025-12-03 04:32:06'),
	('a0810e64-6ce0-41d9-83ef-19f9b61e5230', 'A36', 'alternatives/36.jpg', 'Huawei P50 Pro', '2025-12-03 04:32:06', '2025-12-03 04:32:06'),
	('a0810e64-735b-4983-b516-cdea6567b957', 'A37', 'alternatives/37.jpg', 'Huawei Nova 9', '2025-12-03 04:32:06', '2025-12-03 04:32:06'),
	('a0810e64-78fc-4939-bc6d-cb189bedb842', 'A38', 'alternatives/38.jpg', 'Huawei Mate 40 Pro', '2025-12-03 04:32:06', '2025-12-03 04:32:06'),
	('a0810e64-7def-4b1f-952d-860b616aa215', 'A39', 'alternatives/39.jpg', 'Huawei Mate 30 Pro', '2025-12-03 04:32:06', '2025-12-03 04:32:06'),
	('a0810e64-85f6-4113-aca4-10d690ebdc39', 'A40', 'alternatives/40.jpg', 'Huawei P40 Pro', '2025-12-03 04:32:06', '2025-12-03 04:32:06'),
	('a0810e64-8d7f-45b8-84ca-31b949810c5d', 'A41', 'alternatives/41.jpg', 'Huawei Mate Xs', '2025-12-03 04:32:06', '2025-12-03 04:32:06'),
	('a0810e64-962e-41ff-83fe-83ce1e8ebc44', 'A42', 'alternatives/42.jpg', 'Samsung Galaxy Z Flip7', '2025-12-03 04:32:06', '2025-12-03 04:32:06'),
	('a0810e64-9d83-4a15-9581-46caa9f06908', 'A43', 'alternatives/43.jpg', 'Samsung Galaxy A17 5G', '2025-12-03 04:32:07', '2025-12-03 04:32:07'),
	('a0810e64-a3df-4e8e-9b8d-7e804d6f25d3', 'A44', 'alternatives/44.jpg', 'Samsung Galaxy S25', '2025-12-03 04:32:07', '2025-12-03 04:32:07'),
	('a0810e64-aa0f-4b36-86b5-e8e6fd0d076a', 'A45', 'alternatives/45.jpg', 'Infinix Hot 50 5G', '2025-12-03 04:32:07', '2025-12-03 04:32:07'),
	('a0810e64-af49-4f1b-b5e6-a6548364c904', 'A46', 'alternatives/46.jpg', 'Infinix Hot 60 Pro', '2025-12-03 04:32:07', '2025-12-03 04:32:07'),
	('a0810e64-b3f7-4620-9384-605610a438cc', 'A47', 'alternatives/47.jpg', 'Infinix GT 30 Pro', '2025-12-03 04:32:07', '2025-12-03 04:32:07'),
	('a0810e64-b986-4357-934f-e59dbfef252c', 'A48', 'alternatives/48.jpg', 'Infinix Hot 60i', '2025-12-03 04:32:07', '2025-12-03 04:32:07'),
	('a0810e64-befc-46c4-ab1a-0205be2c9edf', 'A49', 'alternatives/49.jpg', 'Realme Narzo 60', '2025-12-03 04:32:07', '2025-12-03 04:32:07'),
	('a0810e64-c4a6-4e44-ae0b-1d7afdf074e5', 'A50', 'alternatives/50.jpg', 'Infinix Note 20', '2025-12-03 04:32:07', '2025-12-03 04:32:07');

-- Dumping structure for table best_smartphone_ahp_saw.alternative_criteria
CREATE TABLE IF NOT EXISTS `alternative_criteria` (
  `uuid` varchar(225) CHARACTER SET utf8mb4 NOT NULL,
  `alternative_uuid` varchar(225) CHARACTER SET utf8mb4 NOT NULL,
  `criteria_uuid` varchar(225) CHARACTER SET utf8mb4 NOT NULL,
  `value` decimal(20,6) NOT NULL DEFAULT '0.000000',
  PRIMARY KEY (`uuid`) USING BTREE,
  UNIQUE KEY `uuid` (`uuid`) USING BTREE,
  KEY `fk_alternative_criteria_to_alternatives` (`alternative_uuid`),
  KEY `fk_alternative_criteria_to_criterias` (`criteria_uuid`),
  CONSTRAINT `fk_alternative_criteria_to_alternatives` FOREIGN KEY (`alternative_uuid`) REFERENCES `alternatives` (`uuid`) ON DELETE CASCADE ON UPDATE CASCADE,
  CONSTRAINT `fk_alternative_criteria_to_criterias` FOREIGN KEY (`criteria_uuid`) REFERENCES `criterias` (`uuid`) ON DELETE CASCADE ON UPDATE CASCADE
) ROW_FORMAT=DYNAMIC;

-- Dumping data for table best_smartphone_ahp_saw.alternative_criteria: ~300 rows (approximately)
INSERT INTO `alternative_criteria` (`uuid`, `alternative_uuid`, `criteria_uuid`, `value`) VALUES
	('a0810e63-70ea-4b8c-9334-367241d23cbf', 'a0810e63-5ae1-45b2-ae97-0ef5e0dc3e14', '55068076-ceb7-4f3e-b5a3-8e15624bfcd0', 16000000.000000),
	('a0810e63-7269-4829-9f8e-6c7a10678ce7', 'a0810e63-5ae1-45b2-ae97-0ef5e0dc3e14', '780a1a80-6439-48ba-8463-56fe2d021610', 8.000000),
	('a0810e63-73b4-4bcb-9104-2d2009c41755', 'a0810e63-5ae1-45b2-ae97-0ef5e0dc3e14', '247b464e-d3d0-434c-8c22-9b90ca9af945', 12.000000),
	('a0810e63-751b-42f8-9b2a-df2bf331c64a', 'a0810e63-5ae1-45b2-ae97-0ef5e0dc3e14', 'abbd7b77-5410-42b7-ab39-e35770f07338', 3700.000000),
	('a0810e63-770d-4b6b-90a6-7e90669ca898', 'a0810e63-5ae1-45b2-ae97-0ef5e0dc3e14', 'c7910a27-870b-4d6a-a591-53b3aed24315', 6.700000),
	('a0810e63-7850-4ccd-b65f-5dcc54c304f6', 'a0810e63-5ae1-45b2-ae97-0ef5e0dc3e14', '8b0da664-9b9a-4dd7-97b6-c2d6842003a5', 512.000000),
	('a0810e63-7a74-4025-b9ed-6c1eab660ccf', 'a0810e63-794c-4ede-a72e-4db8d6abae99', '55068076-ceb7-4f3e-b5a3-8e15624bfcd0', 10000000.000000),
	('a0810e63-7b9d-40e7-9d3e-a143440f7ab3', 'a0810e63-794c-4ede-a72e-4db8d6abae99', '780a1a80-6439-48ba-8463-56fe2d021610', 12.000000),
	('a0810e63-7cbb-4eae-a807-cad8a593df53', 'a0810e63-794c-4ede-a72e-4db8d6abae99', '247b464e-d3d0-434c-8c22-9b90ca9af945', 50.000000),
	('a0810e63-7db8-42f5-85be-e1bafe9d2a5c', 'a0810e63-794c-4ede-a72e-4db8d6abae99', 'abbd7b77-5410-42b7-ab39-e35770f07338', 5000.000000),
	('a0810e63-7e69-4c97-8f61-84e57716407d', 'a0810e63-794c-4ede-a72e-4db8d6abae99', 'c7910a27-870b-4d6a-a591-53b3aed24315', 6.730000),
	('a0810e63-7f62-4414-adbd-b3b41c5bc02a', 'a0810e63-794c-4ede-a72e-4db8d6abae99', '8b0da664-9b9a-4dd7-97b6-c2d6842003a5', 512.000000),
	('a0810e63-8166-4403-862b-a6d574361efd', 'a0810e63-8073-4704-98fb-e6a4cdad846e', '55068076-ceb7-4f3e-b5a3-8e15624bfcd0', 5000000.000000),
	('a0810e63-8268-407e-9ce3-c4f88dcb6a93', 'a0810e63-8073-4704-98fb-e6a4cdad846e', '780a1a80-6439-48ba-8463-56fe2d021610', 8.000000),
	('a0810e63-8374-4ae0-975d-7801f6f27dae', 'a0810e63-8073-4704-98fb-e6a4cdad846e', '247b464e-d3d0-434c-8c22-9b90ca9af945', 64.000000),
	('a0810e63-8467-4dfb-b18e-2a384b68bcd1', 'a0810e63-8073-4704-98fb-e6a4cdad846e', 'abbd7b77-5410-42b7-ab39-e35770f07338', 5100.000000),
	('a0810e63-8532-4410-9037-854d752aad6b', 'a0810e63-8073-4704-98fb-e6a4cdad846e', 'c7910a27-870b-4d6a-a591-53b3aed24315', 6.670000),
	('a0810e63-8643-4882-8a16-4b642096a4c4', 'a0810e63-8073-4704-98fb-e6a4cdad846e', '8b0da664-9b9a-4dd7-97b6-c2d6842003a5', 256.000000),
	('a0810e63-8830-4f90-b354-f90bb3b5bcab', 'a0810e63-8749-4b64-b7d1-37e1de515183', '55068076-ceb7-4f3e-b5a3-8e15624bfcd0', 21999000.000000),
	('a0810e63-8938-4504-b960-585ec5a01fec', 'a0810e63-8749-4b64-b7d1-37e1de515183', '780a1a80-6439-48ba-8463-56fe2d021610', 12.000000),
	('a0810e63-8a58-4c3a-945b-2b94888f7f85', 'a0810e63-8749-4b64-b7d1-37e1de515183', '247b464e-d3d0-434c-8c22-9b90ca9af945', 200.000000),
	('a0810e63-8b58-46a1-9bb5-f5aecfb8641b', 'a0810e63-8749-4b64-b7d1-37e1de515183', 'abbd7b77-5410-42b7-ab39-e35770f07338', 5000.000000),
	('a0810e63-8c50-400c-95a8-72019e4a9ed0', 'a0810e63-8749-4b64-b7d1-37e1de515183', 'c7910a27-870b-4d6a-a591-53b3aed24315', 6.800000),
	('a0810e63-8d51-48b6-8998-adca9278ae8c', 'a0810e63-8749-4b64-b7d1-37e1de515183', '8b0da664-9b9a-4dd7-97b6-c2d6842003a5', 512.000000),
	('a0810e63-8f2d-4955-8912-6690b0d5d19c', 'a0810e63-8e33-45fa-a370-8f1702a62301', '55068076-ceb7-4f3e-b5a3-8e15624bfcd0', 14999000.000000),
	('a0810e63-90bf-47b1-ac33-1af91623b407', 'a0810e63-8e33-45fa-a370-8f1702a62301', '780a1a80-6439-48ba-8463-56fe2d021610', 8.000000),
	('a0810e63-91a2-4baf-9f18-43420678b62f', 'a0810e63-8e33-45fa-a370-8f1702a62301', '247b464e-d3d0-434c-8c22-9b90ca9af945', 50.000000),
	('a0810e63-9299-4535-bebc-b6473092371d', 'a0810e63-8e33-45fa-a370-8f1702a62301', 'abbd7b77-5410-42b7-ab39-e35770f07338', 4000.000000),
	('a0810e63-938a-41e9-a427-c712d7bdea56', 'a0810e63-8e33-45fa-a370-8f1702a62301', 'c7910a27-870b-4d6a-a591-53b3aed24315', 6.200000),
	('a0810e63-947a-4526-8eca-fd8299b6444f', 'a0810e63-8e33-45fa-a370-8f1702a62301', '8b0da664-9b9a-4dd7-97b6-c2d6842003a5', 256.000000),
	('a0810e63-969c-4b85-b560-b0a034a15fa1', 'a0810e63-95ad-4821-95b1-d2c770f1252f', '55068076-ceb7-4f3e-b5a3-8e15624bfcd0', 18000000.000000),
	('a0810e63-97f2-41b3-abab-24df5220541d', 'a0810e63-95ad-4821-95b1-d2c770f1252f', '780a1a80-6439-48ba-8463-56fe2d021610', 12.000000),
	('a0810e63-9895-4641-a6f6-8ab2e3b026e0', 'a0810e63-95ad-4821-95b1-d2c770f1252f', '247b464e-d3d0-434c-8c22-9b90ca9af945', 50.000000),
	('a0810e63-9965-4268-8925-cec21cbcb65e', 'a0810e63-95ad-4821-95b1-d2c770f1252f', 'abbd7b77-5410-42b7-ab39-e35770f07338', 4450.000000),
	('a0810e63-9a63-42f2-83ee-b5e71e0c1a8c', 'a0810e63-95ad-4821-95b1-d2c770f1252f', 'c7910a27-870b-4d6a-a591-53b3aed24315', 7.600000),
	('a0810e63-9b63-4ac2-a532-cfaa7fb69652', 'a0810e63-95ad-4821-95b1-d2c770f1252f', '8b0da664-9b9a-4dd7-97b6-c2d6842003a5', 512.000000),
	('a0810e63-9d59-4b58-9f4e-1b6d935fc93b', 'a0810e63-9c65-4cdd-adad-b05851d2c4a8', '55068076-ceb7-4f3e-b5a3-8e15624bfcd0', 5999000.000000),
	('a0810e63-9e16-4cf9-878e-74b19f8d3ca9', 'a0810e63-9c65-4cdd-adad-b05851d2c4a8', '780a1a80-6439-48ba-8463-56fe2d021610', 8.000000),
	('a0810e63-9f05-46d4-9077-314659b42abf', 'a0810e63-9c65-4cdd-adad-b05851d2c4a8', '247b464e-d3d0-434c-8c22-9b90ca9af945', 50.000000),
	('a0810e63-a002-4e57-af57-aae02288acb2', 'a0810e63-9c65-4cdd-adad-b05851d2c4a8', 'abbd7b77-5410-42b7-ab39-e35770f07338', 5050.000000),
	('a0810e63-a0ec-41b8-8177-7925676aab25', 'a0810e63-9c65-4cdd-adad-b05851d2c4a8', 'c7910a27-870b-4d6a-a591-53b3aed24315', 6.400000),
	('a0810e63-a1b7-4b05-9fb2-b6f6e92c5f1b', 'a0810e63-9c65-4cdd-adad-b05851d2c4a8', '8b0da664-9b9a-4dd7-97b6-c2d6842003a5', 256.000000),
	('a0810e63-a3b6-42b5-9d49-afc9d21a2b6c', 'a0810e63-a2ac-4f60-94f1-b2f656758717', '55068076-ceb7-4f3e-b5a3-8e15624bfcd0', 4999000.000000),
	('a0810e63-a478-4f67-aa65-c5565fb9590a', 'a0810e63-a2ac-4f60-94f1-b2f656758717', '780a1a80-6439-48ba-8463-56fe2d021610', 8.000000),
	('a0810e63-a581-4596-8b7c-5b6d33156926', 'a0810e63-a2ac-4f60-94f1-b2f656758717', '247b464e-d3d0-434c-8c22-9b90ca9af945', 48.000000),
	('a0810e63-a672-46ef-881d-1f269724bd79', 'a0810e63-a2ac-4f60-94f1-b2f656758717', 'abbd7b77-5410-42b7-ab39-e35770f07338', 5000.000000),
	('a0810e63-a747-4bfb-82f4-b7b1ebe4b469', 'a0810e63-a2ac-4f60-94f1-b2f656758717', 'c7910a27-870b-4d6a-a591-53b3aed24315', 6.650000),
	('a0810e63-a7ea-45e4-9ce7-031b3ab4adee', 'a0810e63-a2ac-4f60-94f1-b2f656758717', '8b0da664-9b9a-4dd7-97b6-c2d6842003a5', 256.000000),
	('a0810e63-aa1b-4163-9773-e3ad559d745e', 'a0810e63-a8e5-4828-a274-7aff34e03dce', '55068076-ceb7-4f3e-b5a3-8e15624bfcd0', 2899000.000000),
	('a0810e63-ab4b-49c4-a674-f3c2b0e08498', 'a0810e63-a8e5-4828-a274-7aff34e03dce', '780a1a80-6439-48ba-8463-56fe2d021610', 8.000000),
	('a0810e63-ac45-4fa6-9020-5d6b77e73cc0', 'a0810e63-a8e5-4828-a274-7aff34e03dce', '247b464e-d3d0-434c-8c22-9b90ca9af945', 50.000000),
	('a0810e63-ad4b-45e6-939b-ed7496764917', 'a0810e63-a8e5-4828-a274-7aff34e03dce', 'abbd7b77-5410-42b7-ab39-e35770f07338', 5000.000000),
	('a0810e63-ae6d-4402-bae5-d7796a8ce87c', 'a0810e63-a8e5-4828-a274-7aff34e03dce', 'c7910a27-870b-4d6a-a591-53b3aed24315', 6.500000),
	('a0810e63-af69-48c3-aa0f-1c5df1f5c7cb', 'a0810e63-a8e5-4828-a274-7aff34e03dce', '8b0da664-9b9a-4dd7-97b6-c2d6842003a5', 128.000000),
	('a0810e63-b210-4b93-b90c-0aa714b8ab6a', 'a0810e63-b100-4223-b5e7-6093e08c6086', '55068076-ceb7-4f3e-b5a3-8e15624bfcd0', 3599000.000000),
	('a0810e63-b32e-4d8b-8d52-7980e0910709', 'a0810e63-b100-4223-b5e7-6093e08c6086', '780a1a80-6439-48ba-8463-56fe2d021610', 8.000000),
	('a0810e63-b442-41c9-859f-5dcaec9b9438', 'a0810e63-b100-4223-b5e7-6093e08c6086', '247b464e-d3d0-434c-8c22-9b90ca9af945', 50.000000),
	('a0810e63-b53f-4870-ace3-15a384133b1d', 'a0810e63-b100-4223-b5e7-6093e08c6086', 'abbd7b77-5410-42b7-ab39-e35770f07338', 5000.000000),
	('a0810e63-b63e-4f49-8f1d-babc58cfd493', 'a0810e63-b100-4223-b5e7-6093e08c6086', 'c7910a27-870b-4d6a-a591-53b3aed24315', 6.500000),
	('a0810e63-b7b2-4ab5-84ee-639af8bf7bbd', 'a0810e63-b100-4223-b5e7-6093e08c6086', '8b0da664-9b9a-4dd7-97b6-c2d6842003a5', 256.000000),
	('a0810e63-b9e8-4780-a251-d0bfe676433c', 'a0810e63-b8d8-474b-86f6-1d875602ad65', '55068076-ceb7-4f3e-b5a3-8e15624bfcd0', 8499000.000000),
	('a0810e63-baea-44d7-88ef-55140db442b8', 'a0810e63-b8d8-474b-86f6-1d875602ad65', '780a1a80-6439-48ba-8463-56fe2d021610', 12.000000),
	('a0810e63-bbea-4084-950e-2c467395b67d', 'a0810e63-b8d8-474b-86f6-1d875602ad65', '247b464e-d3d0-434c-8c22-9b90ca9af945', 50.000000),
	('a0810e63-bcea-4891-b853-7824f8bd6741', 'a0810e63-b8d8-474b-86f6-1d875602ad65', 'abbd7b77-5410-42b7-ab39-e35770f07338', 5050.000000),
	('a0810e63-be17-4c22-87e6-05990696a9f4', 'a0810e63-b8d8-474b-86f6-1d875602ad65', 'c7910a27-870b-4d6a-a591-53b3aed24315', 6.680000),
	('a0810e63-bf1a-4962-980f-54c938c8970f', 'a0810e63-b8d8-474b-86f6-1d875602ad65', '8b0da664-9b9a-4dd7-97b6-c2d6842003a5', 256.000000),
	('a0810e63-c144-491f-9b51-c89794c0f90c', 'a0810e63-c041-4e22-8553-940c74ad0ee5', '55068076-ceb7-4f3e-b5a3-8e15624bfcd0', 6499000.000000),
	('a0810e63-c24a-4a11-857b-f1a6ad9ffab9', 'a0810e63-c041-4e22-8553-940c74ad0ee5', '780a1a80-6439-48ba-8463-56fe2d021610', 8.000000),
	('a0810e63-c34a-4fdf-b2b0-d0d5b4bb57c2', 'a0810e63-c041-4e22-8553-940c74ad0ee5', '247b464e-d3d0-434c-8c22-9b90ca9af945', 50.000000),
	('a0810e63-c454-4873-b7ca-cd0826c20d3a', 'a0810e63-c041-4e22-8553-940c74ad0ee5', 'abbd7b77-5410-42b7-ab39-e35770f07338', 5000.000000),
	('a0810e63-c599-4a2b-8ecf-1a6b9a9a7db2', 'a0810e63-c041-4e22-8553-940c74ad0ee5', 'c7910a27-870b-4d6a-a591-53b3aed24315', 6.670000),
	('a0810e63-c6aa-4868-91d4-73802cae5f9c', 'a0810e63-c041-4e22-8553-940c74ad0ee5', '8b0da664-9b9a-4dd7-97b6-c2d6842003a5', 256.000000),
	('a0810e63-c8a8-476e-81da-8d6c3d321c36', 'a0810e63-c7b3-42a8-9095-f3d5af2a6dbc', '55068076-ceb7-4f3e-b5a3-8e15624bfcd0', 4300000.000000),
	('a0810e63-c9a3-4206-8090-4e717085525c', 'a0810e63-c7b3-42a8-9095-f3d5af2a6dbc', '780a1a80-6439-48ba-8463-56fe2d021610', 8.000000),
	('a0810e63-ca94-44b3-86d6-9015341ba20e', 'a0810e63-c7b3-42a8-9095-f3d5af2a6dbc', '247b464e-d3d0-434c-8c22-9b90ca9af945', 200.000000),
	('a0810e63-cb43-49ad-ac0f-e7548e752c4e', 'a0810e63-c7b3-42a8-9095-f3d5af2a6dbc', 'abbd7b77-5410-42b7-ab39-e35770f07338', 5100.000000),
	('a0810e63-cc45-4b92-9f8a-efbc4249e7de', 'a0810e63-c7b3-42a8-9095-f3d5af2a6dbc', 'c7910a27-870b-4d6a-a591-53b3aed24315', 6.670000),
	('a0810e63-cd1e-49e7-9b60-83bf17644e42', 'a0810e63-c7b3-42a8-9095-f3d5af2a6dbc', '8b0da664-9b9a-4dd7-97b6-c2d6842003a5', 256.000000),
	('a0810e63-cf2b-410b-84e6-388fb1b1b47c', 'a0810e63-ce18-42fd-b062-e40e3eaef39c', '55068076-ceb7-4f3e-b5a3-8e15624bfcd0', 3299000.000000),
	('a0810e63-d029-4e33-9578-ab5be02f25a9', 'a0810e63-ce18-42fd-b062-e40e3eaef39c', '780a1a80-6439-48ba-8463-56fe2d021610', 6.000000),
	('a0810e63-d11c-420b-b94e-737ee4c056d4', 'a0810e63-ce18-42fd-b062-e40e3eaef39c', '247b464e-d3d0-434c-8c22-9b90ca9af945', 108.000000),
	('a0810e63-d21a-488f-bd01-268b073d8689', 'a0810e63-ce18-42fd-b062-e40e3eaef39c', 'abbd7b77-5410-42b7-ab39-e35770f07338', 5000.000000),
	('a0810e63-d31a-46c4-939e-44e38e4626cf', 'a0810e63-ce18-42fd-b062-e40e3eaef39c', 'c7910a27-870b-4d6a-a591-53b3aed24315', 6.670000),
	('a0810e63-d415-4af2-8114-3e80a9676d3f', 'a0810e63-ce18-42fd-b062-e40e3eaef39c', '8b0da664-9b9a-4dd7-97b6-c2d6842003a5', 128.000000),
	('a0810e63-d621-4d94-9df6-7c3840031949', 'a0810e63-d523-4d2a-b86c-1f816fa053a2', '55068076-ceb7-4f3e-b5a3-8e15624bfcd0', 1599000.000000),
	('a0810e63-d70f-41e9-b2fd-cb3bcc77541d', 'a0810e63-d523-4d2a-b86c-1f816fa053a2', '780a1a80-6439-48ba-8463-56fe2d021610', 8.000000),
	('a0810e63-d7df-4f5c-94c9-138d05a96f52', 'a0810e63-d523-4d2a-b86c-1f816fa053a2', '247b464e-d3d0-434c-8c22-9b90ca9af945', 50.000000),
	('a0810e63-d900-4a56-819f-cb7dcd3cd18e', 'a0810e63-d523-4d2a-b86c-1f816fa053a2', 'abbd7b77-5410-42b7-ab39-e35770f07338', 5180.000000),
	('a0810e63-da12-46ad-8307-bf1449e9b00a', 'a0810e63-d523-4d2a-b86c-1f816fa053a2', 'c7910a27-870b-4d6a-a591-53b3aed24315', 6.880000),
	('a0810e63-db1b-44b3-a7c5-1c52021e20e2', 'a0810e63-d523-4d2a-b86c-1f816fa053a2', '8b0da664-9b9a-4dd7-97b6-c2d6842003a5', 128.000000),
	('a0810e63-dd34-4609-959c-7488a96421d0', 'a0810e63-dc25-46fb-9e81-dee874e25fb1', '55068076-ceb7-4f3e-b5a3-8e15624bfcd0', 4349000.000000),
	('a0810e63-deaf-411f-b14f-e787ea9684a0', 'a0810e63-dc25-46fb-9e81-dee874e25fb1', '780a1a80-6439-48ba-8463-56fe2d021610', 8.000000),
	('a0810e63-df7d-44b3-ab10-58aac6626c2d', 'a0810e63-dc25-46fb-9e81-dee874e25fb1', '247b464e-d3d0-434c-8c22-9b90ca9af945', 64.000000),
	('a0810e63-e080-4b8e-9921-78deb449a76d', 'a0810e63-dc25-46fb-9e81-dee874e25fb1', 'abbd7b77-5410-42b7-ab39-e35770f07338', 5020.000000),
	('a0810e63-e184-4c61-9795-de8e676abc53', 'a0810e63-dc25-46fb-9e81-dee874e25fb1', 'c7910a27-870b-4d6a-a591-53b3aed24315', 6.670000),
	('a0810e63-e27c-4c5c-bbc6-8d60a940624f', 'a0810e63-dc25-46fb-9e81-dee874e25fb1', '8b0da664-9b9a-4dd7-97b6-c2d6842003a5', 256.000000),
	('a0810e63-e43e-49dc-98ec-9cc15493fa63', 'a0810e63-e334-49f3-a979-4e6b7de5af31', '55068076-ceb7-4f3e-b5a3-8e15624bfcd0', 3999000.000000),
	('a0810e63-e4fb-4396-82c5-9b3527a696c6', 'a0810e63-e334-49f3-a979-4e6b7de5af31', '780a1a80-6439-48ba-8463-56fe2d021610', 8.000000),
	('a0810e63-e5f2-4501-98c5-b5d0fe201890', 'a0810e63-e334-49f3-a979-4e6b7de5af31', '247b464e-d3d0-434c-8c22-9b90ca9af945', 64.000000),
	('a0810e63-e6d1-4d17-9892-8f451cf8a5f5', 'a0810e63-e334-49f3-a979-4e6b7de5af31', 'abbd7b77-5410-42b7-ab39-e35770f07338', 5100.000000),
	('a0810e63-e7d4-4d8c-ae33-59580a1a490e', 'a0810e63-e334-49f3-a979-4e6b7de5af31', 'c7910a27-870b-4d6a-a591-53b3aed24315', 6.670000),
	('a0810e63-e8c6-4607-8ec6-245d078f1fb0', 'a0810e63-e334-49f3-a979-4e6b7de5af31', '8b0da664-9b9a-4dd7-97b6-c2d6842003a5', 256.000000),
	('a0810e63-eabe-4c52-894c-f6e81c922196', 'a0810e63-e9bd-42ca-904e-bff0c415d8be', '55068076-ceb7-4f3e-b5a3-8e15624bfcd0', 1399000.000000),
	('a0810e63-eb9c-4ec4-8dc1-5392743612e2', 'a0810e63-e9bd-42ca-904e-bff0c415d8be', '780a1a80-6439-48ba-8463-56fe2d021610', 6.000000),
	('a0810e63-ec7f-44d9-82a8-b4d7471b9637', 'a0810e63-e9bd-42ca-904e-bff0c415d8be', '247b464e-d3d0-434c-8c22-9b90ca9af945', 50.000000),
	('a0810e63-ed47-4c21-81ce-aec4d0f54caa', 'a0810e63-e9bd-42ca-904e-bff0c415d8be', 'abbd7b77-5410-42b7-ab39-e35770f07338', 5160.000000),
	('a0810e63-ee42-46b5-89c5-44d310d49f77', 'a0810e63-e9bd-42ca-904e-bff0c415d8be', 'c7910a27-870b-4d6a-a591-53b3aed24315', 6.880000),
	('a0810e63-ef2d-4b9b-b88d-66cf1afc9dfd', 'a0810e63-e9bd-42ca-904e-bff0c415d8be', '8b0da664-9b9a-4dd7-97b6-c2d6842003a5', 256.000000),
	('a0810e63-f0f5-4212-b435-6dbde0ebba04', 'a0810e63-eff3-48f8-b04f-194cda8e9c05', '55068076-ceb7-4f3e-b5a3-8e15624bfcd0', 22999000.000000),
	('a0810e63-f26d-47e4-81ef-730ec72ef244', 'a0810e63-eff3-48f8-b04f-194cda8e9c05', '780a1a80-6439-48ba-8463-56fe2d021610', 12.000000),
	('a0810e63-f457-422b-b03e-18a420a84fdc', 'a0810e63-eff3-48f8-b04f-194cda8e9c05', '247b464e-d3d0-434c-8c22-9b90ca9af945', 200.000000),
	('a0810e63-f53e-4067-9698-ee6f1e5a7ac8', 'a0810e63-eff3-48f8-b04f-194cda8e9c05', 'abbd7b77-5410-42b7-ab39-e35770f07338', 5050.000000),
	('a0810e63-f623-49a9-8e28-699ac617f703', 'a0810e63-eff3-48f8-b04f-194cda8e9c05', 'c7910a27-870b-4d6a-a591-53b3aed24315', 6.900000),
	('a0810e63-f6c5-470a-9964-77a9f401aa03', 'a0810e63-eff3-48f8-b04f-194cda8e9c05', '8b0da664-9b9a-4dd7-97b6-c2d6842003a5', 256.000000),
	('a0810e63-f922-4019-bf1f-db4d99a81c47', 'a0810e63-f784-4112-af91-d4a124752829', '55068076-ceb7-4f3e-b5a3-8e15624bfcd0', 19999000.000000),
	('a0810e63-f9d1-446b-a41c-e7852c330cfe', 'a0810e63-f784-4112-af91-d4a124752829', '780a1a80-6439-48ba-8463-56fe2d021610', 12.000000),
	('a0810e63-fa72-47a5-aae0-a3840fbcb197', 'a0810e63-f784-4112-af91-d4a124752829', '247b464e-d3d0-434c-8c22-9b90ca9af945', 50.000000),
	('a0810e63-fb06-4dd4-bd80-1477f565b083', 'a0810e63-f784-4112-af91-d4a124752829', 'abbd7b77-5410-42b7-ab39-e35770f07338', 5000.000000),
	('a0810e63-fb77-40c1-813a-948969475687', 'a0810e63-f784-4112-af91-d4a124752829', 'c7910a27-870b-4d6a-a591-53b3aed24315', 6.730000),
	('a0810e63-fc4c-4594-8e0e-3589146a991e', 'a0810e63-f784-4112-af91-d4a124752829', '8b0da664-9b9a-4dd7-97b6-c2d6842003a5', 256.000000),
	('a0810e63-fda0-4225-b5f4-62d8e736d5d8', 'a0810e63-fcff-4cbc-9034-0ba727a0ee00', '55068076-ceb7-4f3e-b5a3-8e15624bfcd0', 14999000.000000),
	('a0810e63-fe90-4653-a7c1-ef0fa30c1280', 'a0810e63-fcff-4cbc-9034-0ba727a0ee00', '780a1a80-6439-48ba-8463-56fe2d021610', 12.000000),
	('a0810e63-ff9d-4372-9d1a-5516032e158d', 'a0810e63-fcff-4cbc-9034-0ba727a0ee00', '247b464e-d3d0-434c-8c22-9b90ca9af945', 50.000000),
	('a0810e64-019c-45ac-b520-5f7fb460aabb', 'a0810e63-fcff-4cbc-9034-0ba727a0ee00', 'abbd7b77-5410-42b7-ab39-e35770f07338', 5000.000000),
	('a0810e64-02c8-4b0a-9c04-f8f815aaeb4b', 'a0810e63-fcff-4cbc-9034-0ba727a0ee00', 'c7910a27-870b-4d6a-a591-53b3aed24315', 6.800000),
	('a0810e64-043b-417d-b284-abdb271eeac0', 'a0810e63-fcff-4cbc-9034-0ba727a0ee00', '8b0da664-9b9a-4dd7-97b6-c2d6842003a5', 256.000000),
	('a0810e64-05a2-482c-8838-5ec8d3a4148d', 'a0810e64-0520-4b04-9315-ad10ec3be415', '55068076-ceb7-4f3e-b5a3-8e15624bfcd0', 19499000.000000),
	('a0810e64-066b-4d66-941b-dd5354a98328', 'a0810e64-0520-4b04-9315-ad10ec3be415', '780a1a80-6439-48ba-8463-56fe2d021610', 12.000000),
	('a0810e64-0724-425a-bcba-970d0de1a9a1', 'a0810e64-0520-4b04-9315-ad10ec3be415', '247b464e-d3d0-434c-8c22-9b90ca9af945', 200.000000),
	('a0810e64-0842-4099-86a4-12553f56cbd9', 'a0810e64-0520-4b04-9315-ad10ec3be415', 'abbd7b77-5410-42b7-ab39-e35770f07338', 5000.000000),
	('a0810e64-0c4c-41b6-bbdb-6b484e15997a', 'a0810e64-0520-4b04-9315-ad10ec3be415', 'c7910a27-870b-4d6a-a591-53b3aed24315', 6.670000),
	('a0810e64-0d57-4c74-b1dd-54c4e0acfccb', 'a0810e64-0520-4b04-9315-ad10ec3be415', '8b0da664-9b9a-4dd7-97b6-c2d6842003a5', 256.000000),
	('a0810e64-0ff6-4425-b684-b20212c19caa', 'a0810e64-0eba-479d-b8af-69729aa3e679', '55068076-ceb7-4f3e-b5a3-8e15624bfcd0', 13499000.000000),
	('a0810e64-10f9-461d-b013-89dd53f198d2', 'a0810e64-0eba-479d-b8af-69729aa3e679', '780a1a80-6439-48ba-8463-56fe2d021610', 12.000000),
	('a0810e64-11e1-4b07-ad07-067365b7e1e6', 'a0810e64-0eba-479d-b8af-69729aa3e679', '247b464e-d3d0-434c-8c22-9b90ca9af945', 50.000000),
	('a0810e64-12d7-41bf-a176-1ddcde53a709', 'a0810e64-0eba-479d-b8af-69729aa3e679', 'abbd7b77-5410-42b7-ab39-e35770f07338', 5000.000000),
	('a0810e64-1417-4b1c-9612-a07a7b900bf2', 'a0810e64-0eba-479d-b8af-69729aa3e679', 'c7910a27-870b-4d6a-a591-53b3aed24315', 6.100000),
	('a0810e64-152c-4321-9e24-2a859051dd2e', 'a0810e64-0eba-479d-b8af-69729aa3e679', '8b0da664-9b9a-4dd7-97b6-c2d6842003a5', 256.000000),
	('a0810e64-16f1-4a44-b607-eda5c1ddbb16', 'a0810e64-1608-450b-95d8-4b000990201a', '55068076-ceb7-4f3e-b5a3-8e15624bfcd0', 13999000.000000),
	('a0810e64-1802-4286-b2de-e8adcf70f759', 'a0810e64-1608-450b-95d8-4b000990201a', '780a1a80-6439-48ba-8463-56fe2d021610', 12.000000),
	('a0810e64-193c-467c-b046-8db347c2190b', 'a0810e64-1608-450b-95d8-4b000990201a', '247b464e-d3d0-434c-8c22-9b90ca9af945', 50.000000),
	('a0810e64-1a54-4d1a-afd1-eda4b792a94e', 'a0810e64-1608-450b-95d8-4b000990201a', 'abbd7b77-5410-42b7-ab39-e35770f07338', 5630.000000),
	('a0810e64-1b6b-4aa2-ba0e-5b1402fadf03', 'a0810e64-1608-450b-95d8-4b000990201a', 'c7910a27-870b-4d6a-a591-53b3aed24315', 6.590000),
	('a0810e64-1c0e-4380-a825-85b1cc52ae94', 'a0810e64-1608-450b-95d8-4b000990201a', '8b0da664-9b9a-4dd7-97b6-c2d6842003a5', 256.000000),
	('a0810e64-1dad-4522-be00-11bf34a1521f', 'a0810e64-1cb8-4620-a9ba-4cc550f7a4b2', '55068076-ceb7-4f3e-b5a3-8e15624bfcd0', 17999000.000000),
	('a0810e64-1e9b-4571-8a7a-7abea3825d56', 'a0810e64-1cb8-4620-a9ba-4cc550f7a4b2', '780a1a80-6439-48ba-8463-56fe2d021610', 16.000000),
	('a0810e64-1ff6-43a8-80e7-925126c8cbce', 'a0810e64-1cb8-4620-a9ba-4cc550f7a4b2', '247b464e-d3d0-434c-8c22-9b90ca9af945', 50.000000),
	('a0810e64-20d7-48d1-8b27-4e532bc333d1', 'a0810e64-1cb8-4620-a9ba-4cc550f7a4b2', 'abbd7b77-5410-42b7-ab39-e35770f07338', 5910.000000),
	('a0810e64-21de-4ae0-86dd-35deedd33409', 'a0810e64-1cb8-4620-a9ba-4cc550f7a4b2', 'c7910a27-870b-4d6a-a591-53b3aed24315', 6.780000),
	('a0810e64-22dc-423d-96e0-c32b551098b3', 'a0810e64-1cb8-4620-a9ba-4cc550f7a4b2', '8b0da664-9b9a-4dd7-97b6-c2d6842003a5', 512.000000),
	('a0810e64-2560-4d7d-960b-c411d085fa14', 'a0810e64-2413-48db-b962-523941058824', '55068076-ceb7-4f3e-b5a3-8e15624bfcd0', 5499000.000000),
	('a0810e64-26f6-49ee-a79d-83d722c12d75', 'a0810e64-2413-48db-b962-523941058824', '780a1a80-6439-48ba-8463-56fe2d021610', 8.000000),
	('a0810e64-27de-4b66-97bc-e832e00e22a6', 'a0810e64-2413-48db-b962-523941058824', '247b464e-d3d0-434c-8c22-9b90ca9af945', 50.000000),
	('a0810e64-28d7-4d24-a3fd-dcf61172cc26', 'a0810e64-2413-48db-b962-523941058824', 'abbd7b77-5410-42b7-ab39-e35770f07338', 5000.000000),
	('a0810e64-29db-4c3b-a893-5d2c42379f2e', 'a0810e64-2413-48db-b962-523941058824', 'c7910a27-870b-4d6a-a591-53b3aed24315', 6.700000),
	('a0810e64-2afc-42f2-831b-df79b251f2fc', 'a0810e64-2413-48db-b962-523941058824', '8b0da664-9b9a-4dd7-97b6-c2d6842003a5', 256.000000),
	('a0810e64-2de4-456a-aae8-7f14ccf12c82', 'a0810e64-2c8f-45bd-952f-ae180a96f2a1', '55068076-ceb7-4f3e-b5a3-8e15624bfcd0', 2999000.000000),
	('a0810e64-2f2f-4ead-b07e-2c86c0189790', 'a0810e64-2c8f-45bd-952f-ae180a96f2a1', '780a1a80-6439-48ba-8463-56fe2d021610', 8.000000),
	('a0810e64-305e-4676-a60c-6cc8ff6273ef', 'a0810e64-2c8f-45bd-952f-ae180a96f2a1', '247b464e-d3d0-434c-8c22-9b90ca9af945', 50.000000),
	('a0810e64-3192-42b2-851e-66d80ca70f1f', 'a0810e64-2c8f-45bd-952f-ae180a96f2a1', 'abbd7b77-5410-42b7-ab39-e35770f07338', 5000.000000),
	('a0810e64-32b2-45ce-9b07-169ac6e33186', 'a0810e64-2c8f-45bd-952f-ae180a96f2a1', 'c7910a27-870b-4d6a-a591-53b3aed24315', 6.560000),
	('a0810e64-339f-460e-90a8-8533c9ba03d5', 'a0810e64-2c8f-45bd-952f-ae180a96f2a1', '8b0da664-9b9a-4dd7-97b6-c2d6842003a5', 128.000000),
	('a0810e64-35ca-4aa3-82b1-1fbf9b7a2ad3', 'a0810e64-34b6-40f5-9cb4-3815abe99e8f', '55068076-ceb7-4f3e-b5a3-8e15624bfcd0', 6999000.000000),
	('a0810e64-36d5-4fac-b878-9daae7a29886', 'a0810e64-34b6-40f5-9cb4-3815abe99e8f', '780a1a80-6439-48ba-8463-56fe2d021610', 12.000000),
	('a0810e64-3889-4f5a-9267-4ad53c7664d8', 'a0810e64-34b6-40f5-9cb4-3815abe99e8f', '247b464e-d3d0-434c-8c22-9b90ca9af945', 50.000000),
	('a0810e64-3a44-4390-857d-13526fdd5a4c', 'a0810e64-34b6-40f5-9cb4-3815abe99e8f', 'abbd7b77-5410-42b7-ab39-e35770f07338', 5500.000000),
	('a0810e64-3afb-4d8f-a01a-71b7f022a264', 'a0810e64-34b6-40f5-9cb4-3815abe99e8f', 'c7910a27-870b-4d6a-a591-53b3aed24315', 6.780000),
	('a0810e64-3b9e-4a0d-9d0b-3278d81961a5', 'a0810e64-34b6-40f5-9cb4-3815abe99e8f', '8b0da664-9b9a-4dd7-97b6-c2d6842003a5', 256.000000),
	('a0810e64-3cc7-4e04-9e12-dc61524cde43', 'a0810e64-3c2c-45d2-b29e-e87f521e6806', '55068076-ceb7-4f3e-b5a3-8e15624bfcd0', 8190000.000000),
	('a0810e64-3d5e-473a-9fc3-5ad0d23ea261', 'a0810e64-3c2c-45d2-b29e-e87f521e6806', '780a1a80-6439-48ba-8463-56fe2d021610', 12.000000),
	('a0810e64-3dfd-4c8a-bfea-6f428e68cb75', 'a0810e64-3c2c-45d2-b29e-e87f521e6806', '247b464e-d3d0-434c-8c22-9b90ca9af945', 50.000000),
	('a0810e64-3ea2-47db-93a1-93ac777d653e', 'a0810e64-3c2c-45d2-b29e-e87f521e6806', 'abbd7b77-5410-42b7-ab39-e35770f07338', 5000.000000),
	('a0810e64-3f4c-41ca-9476-0d96b724e770', 'a0810e64-3c2c-45d2-b29e-e87f521e6806', 'c7910a27-870b-4d6a-a591-53b3aed24315', 6.780000),
	('a0810e64-409d-494e-8fb7-01d59d3ab2bf', 'a0810e64-3c2c-45d2-b29e-e87f521e6806', '8b0da664-9b9a-4dd7-97b6-c2d6842003a5', 512.000000),
	('a0810e64-4237-43a9-a1f5-7e5c5a1ce9ae', 'a0810e64-417e-40fa-9975-17a8a8c452cc', '55068076-ceb7-4f3e-b5a3-8e15624bfcd0', 3499000.000000),
	('a0810e64-42ee-4411-8e4b-4c15bcf6ad4d', 'a0810e64-417e-40fa-9975-17a8a8c452cc', '780a1a80-6439-48ba-8463-56fe2d021610', 8.000000),
	('a0810e64-43a7-4b2e-9679-d328fcc39809', 'a0810e64-417e-40fa-9975-17a8a8c452cc', '247b464e-d3d0-434c-8c22-9b90ca9af945', 50.000000),
	('a0810e64-4496-4c11-b583-eaefeb23a663', 'a0810e64-417e-40fa-9975-17a8a8c452cc', 'abbd7b77-5410-42b7-ab39-e35770f07338', 5000.000000),
	('a0810e64-458b-49ba-8f87-fbae98b0b92b', 'a0810e64-417e-40fa-9975-17a8a8c452cc', 'c7910a27-870b-4d6a-a591-53b3aed24315', 6.670000),
	('a0810e64-469f-461d-98cf-be8dbc9fd2b4', 'a0810e64-417e-40fa-9975-17a8a8c452cc', '8b0da664-9b9a-4dd7-97b6-c2d6842003a5', 256.000000),
	('a0810e64-489d-4a11-aafa-72c64b1fea60', 'a0810e64-4799-4712-8246-3c652fb2c0df', '55068076-ceb7-4f3e-b5a3-8e15624bfcd0', 6000000.000000),
	('a0810e64-49ca-4867-9cc9-92db91dbeaee', 'a0810e64-4799-4712-8246-3c652fb2c0df', '780a1a80-6439-48ba-8463-56fe2d021610', 8.000000),
	('a0810e64-4ac8-497d-bf8a-7889d0d3c588', 'a0810e64-4799-4712-8246-3c652fb2c0df', '247b464e-d3d0-434c-8c22-9b90ca9af945', 50.000000),
	('a0810e64-4bc0-4571-91be-92f13c59a4b6', 'a0810e64-4799-4712-8246-3c652fb2c0df', 'abbd7b77-5410-42b7-ab39-e35770f07338', 5000.000000),
	('a0810e64-4cef-48ae-a6d2-ec8724c5e51c', 'a0810e64-4799-4712-8246-3c652fb2c0df', 'c7910a27-870b-4d6a-a591-53b3aed24315', 6.700000),
	('a0810e64-4dcc-4184-83b6-763eacbb8fcc', 'a0810e64-4799-4712-8246-3c652fb2c0df', '8b0da664-9b9a-4dd7-97b6-c2d6842003a5', 256.000000),
	('a0810e64-4f84-4f09-b68c-37f79a1e9f8a', 'a0810e64-4ead-432a-bf87-c43505297c16', '55068076-ceb7-4f3e-b5a3-8e15624bfcd0', 4199000.000000),
	('a0810e64-506d-4325-8276-474989d2ed37', 'a0810e64-4ead-432a-bf87-c43505297c16', '780a1a80-6439-48ba-8463-56fe2d021610', 8.000000),
	('a0810e64-5169-4d15-9fd8-f6beb9cbb773', 'a0810e64-4ead-432a-bf87-c43505297c16', '247b464e-d3d0-434c-8c22-9b90ca9af945', 50.000000),
	('a0810e64-526c-499c-84f4-0b9ad195a2b4', 'a0810e64-4ead-432a-bf87-c43505297c16', 'abbd7b77-5410-42b7-ab39-e35770f07338', 5000.000000),
	('a0810e64-53c4-4511-801c-394ef51e127b', 'a0810e64-4ead-432a-bf87-c43505297c16', 'c7910a27-870b-4d6a-a591-53b3aed24315', 6.670000),
	('a0810e64-5483-499a-828c-ac5973949743', 'a0810e64-4ead-432a-bf87-c43505297c16', '8b0da664-9b9a-4dd7-97b6-c2d6842003a5', 256.000000),
	('a0810e64-567f-4112-a1cc-175a05632648', 'a0810e64-5579-4755-9c94-d12953b73b07', '55068076-ceb7-4f3e-b5a3-8e15624bfcd0', 2599000.000000),
	('a0810e64-5777-4e72-a38e-2c5922b7e677', 'a0810e64-5579-4755-9c94-d12953b73b07', '780a1a80-6439-48ba-8463-56fe2d021610', 8.000000),
	('a0810e64-586f-4b54-889b-4aa1d32da588', 'a0810e64-5579-4755-9c94-d12953b73b07', '247b464e-d3d0-434c-8c22-9b90ca9af945', 108.000000),
	('a0810e64-59a1-49d6-8d17-266eec7f7768', 'a0810e64-5579-4755-9c94-d12953b73b07', 'abbd7b77-5410-42b7-ab39-e35770f07338', 5000.000000),
	('a0810e64-5a61-4d9e-b789-0724a6dc2e72', 'a0810e64-5579-4755-9c94-d12953b73b07', 'c7910a27-870b-4d6a-a591-53b3aed24315', 6.720000),
	('a0810e64-5ba5-47e7-9a93-9e69b2cf2f6d', 'a0810e64-5579-4755-9c94-d12953b73b07', '8b0da664-9b9a-4dd7-97b6-c2d6842003a5', 128.000000),
	('a0810e64-5db1-47aa-8c28-8a00b0ede6f3', 'a0810e64-5cae-4240-945d-f3b62563345d', '55068076-ceb7-4f3e-b5a3-8e15624bfcd0', 24999000.000000),
	('a0810e64-5eec-4a93-9678-5fc940695962', 'a0810e64-5cae-4240-945d-f3b62563345d', '780a1a80-6439-48ba-8463-56fe2d021610', 12.000000),
	('a0810e64-5ff6-45d6-9eb5-1b10442af4ac', 'a0810e64-5cae-4240-945d-f3b62563345d', '247b464e-d3d0-434c-8c22-9b90ca9af945', 50.000000),
	('a0810e64-6125-4b4c-a80c-f2a04fad5d56', 'a0810e64-5cae-4240-945d-f3b62563345d', 'abbd7b77-5410-42b7-ab39-e35770f07338', 5110.000000),
	('a0810e64-621d-48c5-891f-abb19f9d30be', 'a0810e64-5cae-4240-945d-f3b62563345d', 'c7910a27-870b-4d6a-a591-53b3aed24315', 7.930000),
	('a0810e64-6345-4f39-a3c4-d1cdd3056043', 'a0810e64-5cae-4240-945d-f3b62563345d', '8b0da664-9b9a-4dd7-97b6-c2d6842003a5', 512.000000),
	('a0810e64-6541-4e82-bf3b-0943c70929ce', 'a0810e64-6443-4b09-a145-70f69af0f7a3', '55068076-ceb7-4f3e-b5a3-8e15624bfcd0', 17879000.000000),
	('a0810e64-67fa-44c1-9df8-0a4263e8cb32', 'a0810e64-6443-4b09-a145-70f69af0f7a3', '780a1a80-6439-48ba-8463-56fe2d021610', 16.000000),
	('a0810e64-6901-4a2f-b046-91dae4f23ff6', 'a0810e64-6443-4b09-a145-70f69af0f7a3', '247b464e-d3d0-434c-8c22-9b90ca9af945', 50.000000),
	('a0810e64-6a10-4b67-94d1-849c76f63b1d', 'a0810e64-6443-4b09-a145-70f69af0f7a3', 'abbd7b77-5410-42b7-ab39-e35770f07338', 5200.000000),
	('a0810e64-6b15-4220-b4c8-90a2ce6d9e55', 'a0810e64-6443-4b09-a145-70f69af0f7a3', 'c7910a27-870b-4d6a-a591-53b3aed24315', 6.800000),
	('a0810e64-6bce-451b-9935-c310dff562f2', 'a0810e64-6443-4b09-a145-70f69af0f7a3', '8b0da664-9b9a-4dd7-97b6-c2d6842003a5', 512.000000),
	('a0810e64-6e5e-49b4-9f35-2d7f62da8146', 'a0810e64-6ce0-41d9-83ef-19f9b61e5230', '55068076-ceb7-4f3e-b5a3-8e15624bfcd0', 12998000.000000),
	('a0810e64-6f65-4257-be72-7d40a6c5df2d', 'a0810e64-6ce0-41d9-83ef-19f9b61e5230', '780a1a80-6439-48ba-8463-56fe2d021610', 8.000000),
	('a0810e64-706c-42ac-9b33-dee0345041dc', 'a0810e64-6ce0-41d9-83ef-19f9b61e5230', '247b464e-d3d0-434c-8c22-9b90ca9af945', 64.000000),
	('a0810e64-7164-49a1-98eb-ff88ea48ae29', 'a0810e64-6ce0-41d9-83ef-19f9b61e5230', 'abbd7b77-5410-42b7-ab39-e35770f07338', 4360.000000),
	('a0810e64-7208-48ae-a6d6-f4b7baf60339', 'a0810e64-6ce0-41d9-83ef-19f9b61e5230', 'c7910a27-870b-4d6a-a591-53b3aed24315', 6.600000),
	('a0810e64-72aa-4e56-8e13-9ff7dbff745c', 'a0810e64-6ce0-41d9-83ef-19f9b61e5230', '8b0da664-9b9a-4dd7-97b6-c2d6842003a5', 256.000000),
	('a0810e64-74cd-45c3-8b41-e2eae22800bb', 'a0810e64-735b-4983-b516-cdea6567b957', '55068076-ceb7-4f3e-b5a3-8e15624bfcd0', 5799000.000000),
	('a0810e64-7581-4070-aa91-8a4443c4ada7', 'a0810e64-735b-4983-b516-cdea6567b957', '780a1a80-6439-48ba-8463-56fe2d021610', 8.000000),
	('a0810e64-7642-4441-8ca8-3fd0a0741b84', 'a0810e64-735b-4983-b516-cdea6567b957', '247b464e-d3d0-434c-8c22-9b90ca9af945', 50.000000),
	('a0810e64-7707-43dc-b605-c5b796a2048f', 'a0810e64-735b-4983-b516-cdea6567b957', 'abbd7b77-5410-42b7-ab39-e35770f07338', 4300.000000),
	('a0810e64-77d6-4049-9971-5f3f529f3c28', 'a0810e64-735b-4983-b516-cdea6567b957', 'c7910a27-870b-4d6a-a591-53b3aed24315', 6.570000),
	('a0810e64-7879-43e4-a248-32ca33e7aa3a', 'a0810e64-735b-4983-b516-cdea6567b957', '8b0da664-9b9a-4dd7-97b6-c2d6842003a5', 256.000000),
	('a0810e64-7980-45a9-a503-548a91f0262b', 'a0810e64-78fc-4939-bc6d-cb189bedb842', '55068076-ceb7-4f3e-b5a3-8e15624bfcd0', 11499000.000000),
	('a0810e64-7a62-4371-bfcf-a569d1510f0d', 'a0810e64-78fc-4939-bc6d-cb189bedb842', '780a1a80-6439-48ba-8463-56fe2d021610', 8.000000),
	('a0810e64-7af0-404e-9b75-9e05b3dd82a1', 'a0810e64-78fc-4939-bc6d-cb189bedb842', '247b464e-d3d0-434c-8c22-9b90ca9af945', 50.000000),
	('a0810e64-7b7e-4759-95c9-4aa7d512b657', 'a0810e64-78fc-4939-bc6d-cb189bedb842', 'abbd7b77-5410-42b7-ab39-e35770f07338', 4400.000000),
	('a0810e64-7c4f-4248-8acd-540752443ef5', 'a0810e64-78fc-4939-bc6d-cb189bedb842', 'c7910a27-870b-4d6a-a591-53b3aed24315', 6.760000),
	('a0810e64-7d1b-4db7-9f8d-04ca77638482', 'a0810e64-78fc-4939-bc6d-cb189bedb842', '8b0da664-9b9a-4dd7-97b6-c2d6842003a5', 256.000000),
	('a0810e64-7ed1-4f82-ab3e-d607b317d1c7', 'a0810e64-7def-4b1f-952d-860b616aa215', '55068076-ceb7-4f3e-b5a3-8e15624bfcd0', 7999000.000000),
	('a0810e64-805a-424b-8f25-f707f3426d95', 'a0810e64-7def-4b1f-952d-860b616aa215', '780a1a80-6439-48ba-8463-56fe2d021610', 8.000000),
	('a0810e64-81e7-4390-b82c-38b6f2598cad', 'a0810e64-7def-4b1f-952d-860b616aa215', '247b464e-d3d0-434c-8c22-9b90ca9af945', 40.000000),
	('a0810e64-82c8-4b32-ad41-934273e4a100', 'a0810e64-7def-4b1f-952d-860b616aa215', 'abbd7b77-5410-42b7-ab39-e35770f07338', 4500.000000),
	('a0810e64-8376-4014-b4d6-38bdbba44cbd', 'a0810e64-7def-4b1f-952d-860b616aa215', 'c7910a27-870b-4d6a-a591-53b3aed24315', 6.530000),
	('a0810e64-84fc-4007-8475-8eb4418b6f3d', 'a0810e64-7def-4b1f-952d-860b616aa215', '8b0da664-9b9a-4dd7-97b6-c2d6842003a5', 256.000000),
	('a0810e64-8717-4147-be73-cf2ce31792c6', 'a0810e64-85f6-4113-aca4-10d690ebdc39', '55068076-ceb7-4f3e-b5a3-8e15624bfcd0', 9699000.000000),
	('a0810e64-8922-4876-b36c-f5bc8ee5f421', 'a0810e64-85f6-4113-aca4-10d690ebdc39', '780a1a80-6439-48ba-8463-56fe2d021610', 8.000000),
	('a0810e64-89fa-4391-a241-3b285667611e', 'a0810e64-85f6-4113-aca4-10d690ebdc39', '247b464e-d3d0-434c-8c22-9b90ca9af945', 50.000000),
	('a0810e64-8ac1-4f02-a179-56bdfa1aaac7', 'a0810e64-85f6-4113-aca4-10d690ebdc39', 'abbd7b77-5410-42b7-ab39-e35770f07338', 4200.000000),
	('a0810e64-8b97-49d9-987d-dcad27cf6e29', 'a0810e64-85f6-4113-aca4-10d690ebdc39', 'c7910a27-870b-4d6a-a591-53b3aed24315', 6.580000),
	('a0810e64-8c9f-4351-98ae-c9b58fb4f5c5', 'a0810e64-85f6-4113-aca4-10d690ebdc39', '8b0da664-9b9a-4dd7-97b6-c2d6842003a5', 256.000000),
	('a0810e64-8f55-4d44-a8db-0b21ff31039e', 'a0810e64-8d7f-45b8-84ca-31b949810c5d', '55068076-ceb7-4f3e-b5a3-8e15624bfcd0', 41000000.000000),
	('a0810e64-905e-4fce-ae6e-880493505cce', 'a0810e64-8d7f-45b8-84ca-31b949810c5d', '780a1a80-6439-48ba-8463-56fe2d021610', 8.000000),
	('a0810e64-9161-417d-b29c-2c60bcd3d492', 'a0810e64-8d7f-45b8-84ca-31b949810c5d', '247b464e-d3d0-434c-8c22-9b90ca9af945', 40.000000),
	('a0810e64-926c-4baf-8999-b2a99d61c97a', 'a0810e64-8d7f-45b8-84ca-31b949810c5d', 'abbd7b77-5410-42b7-ab39-e35770f07338', 4500.000000),
	('a0810e64-946a-4684-8d0d-50701279dd86', 'a0810e64-8d7f-45b8-84ca-31b949810c5d', 'c7910a27-870b-4d6a-a591-53b3aed24315', 8.000000),
	('a0810e64-953e-448d-88f2-8a694bb0e0bc', 'a0810e64-8d7f-45b8-84ca-31b949810c5d', '8b0da664-9b9a-4dd7-97b6-c2d6842003a5', 512.000000),
	('a0810e64-9744-4963-8177-e4f55a3cb3f9', 'a0810e64-962e-41ff-83fe-83ce1e8ebc44', '55068076-ceb7-4f3e-b5a3-8e15624bfcd0', 16499000.000000),
	('a0810e64-984c-48df-a17c-6a3e35e9759a', 'a0810e64-962e-41ff-83fe-83ce1e8ebc44', '780a1a80-6439-48ba-8463-56fe2d021610', 12.000000),
	('a0810e64-994f-41ba-ad19-66f9cc8f5ce3', 'a0810e64-962e-41ff-83fe-83ce1e8ebc44', '247b464e-d3d0-434c-8c22-9b90ca9af945', 50.000000),
	('a0810e64-9a4a-4493-b4f9-fe1b7508f2a5', 'a0810e64-962e-41ff-83fe-83ce1e8ebc44', 'abbd7b77-5410-42b7-ab39-e35770f07338', 4000.000000),
	('a0810e64-9b76-4ad2-8f44-47f824c1e39b', 'a0810e64-962e-41ff-83fe-83ce1e8ebc44', 'c7910a27-870b-4d6a-a591-53b3aed24315', 6.700000),
	('a0810e64-9c7b-4ad3-b9e1-161e08b02131', 'a0810e64-962e-41ff-83fe-83ce1e8ebc44', '8b0da664-9b9a-4dd7-97b6-c2d6842003a5', 256.000000),
	('a0810e64-9e74-4ac9-a456-a386e870b0e2', 'a0810e64-9d83-4a15-9581-46caa9f06908', '55068076-ceb7-4f3e-b5a3-8e15624bfcd0', 3599000.000000),
	('a0810e64-9f56-4f62-b56d-5a48a816747a', 'a0810e64-9d83-4a15-9581-46caa9f06908', '780a1a80-6439-48ba-8463-56fe2d021610', 8.000000),
	('a0810e64-a039-4c8d-8be7-2d5593422e70', 'a0810e64-9d83-4a15-9581-46caa9f06908', '247b464e-d3d0-434c-8c22-9b90ca9af945', 50.000000),
	('a0810e64-a113-4478-b323-d64789f2a95e', 'a0810e64-9d83-4a15-9581-46caa9f06908', 'abbd7b77-5410-42b7-ab39-e35770f07338', 5000.000000),
	('a0810e64-a258-4367-a499-a75a3feada4e', 'a0810e64-9d83-4a15-9581-46caa9f06908', 'c7910a27-870b-4d6a-a591-53b3aed24315', 6.700000),
	('a0810e64-a306-480c-9d0c-5f9cc0b20b42', 'a0810e64-9d83-4a15-9581-46caa9f06908', '8b0da664-9b9a-4dd7-97b6-c2d6842003a5', 256.000000),
	('a0810e64-a4bc-4790-8f91-34a5b72eaf18', 'a0810e64-a3df-4e8e-9b8d-7e804d6f25d3', '55068076-ceb7-4f3e-b5a3-8e15624bfcd0', 12499000.000000),
	('a0810e64-a571-4cb6-aefa-942861443806', 'a0810e64-a3df-4e8e-9b8d-7e804d6f25d3', '780a1a80-6439-48ba-8463-56fe2d021610', 12.000000),
	('a0810e64-a626-41e7-981d-55b6dd228d10', 'a0810e64-a3df-4e8e-9b8d-7e804d6f25d3', '247b464e-d3d0-434c-8c22-9b90ca9af945', 50.000000),
	('a0810e64-a6f1-4d94-a85c-6cf826d46c35', 'a0810e64-a3df-4e8e-9b8d-7e804d6f25d3', 'abbd7b77-5410-42b7-ab39-e35770f07338', 4050.000000),
	('a0810e64-a808-4520-9606-8c13c39ff61e', 'a0810e64-a3df-4e8e-9b8d-7e804d6f25d3', 'c7910a27-870b-4d6a-a591-53b3aed24315', 6.200000),
	('a0810e64-a92d-4e55-a0a6-6ae3761c22f6', 'a0810e64-a3df-4e8e-9b8d-7e804d6f25d3', '8b0da664-9b9a-4dd7-97b6-c2d6842003a5', 256.000000),
	('a0810e64-aae2-4674-a111-78ea7236bf40', 'a0810e64-aa0f-4b36-86b5-e8e6fd0d076a', '55068076-ceb7-4f3e-b5a3-8e15624bfcd0', 2179900.000000),
	('a0810e64-abab-4d02-9346-5e34e51947fa', 'a0810e64-aa0f-4b36-86b5-e8e6fd0d076a', '780a1a80-6439-48ba-8463-56fe2d021610', 8.000000),
	('a0810e64-ac7b-44b6-88e8-cabff6a8056d', 'a0810e64-aa0f-4b36-86b5-e8e6fd0d076a', '247b464e-d3d0-434c-8c22-9b90ca9af945', 48.000000),
	('a0810e64-ad46-40cb-b596-e12f04bc2694', 'a0810e64-aa0f-4b36-86b5-e8e6fd0d076a', 'abbd7b77-5410-42b7-ab39-e35770f07338', 5000.000000),
	('a0810e64-ade4-49f5-8b44-d5ac783ce14f', 'a0810e64-aa0f-4b36-86b5-e8e6fd0d076a', 'c7910a27-870b-4d6a-a591-53b3aed24315', 6.700000),
	('a0810e64-aea5-4b48-af83-ebb355e0d7ce', 'a0810e64-aa0f-4b36-86b5-e8e6fd0d076a', '8b0da664-9b9a-4dd7-97b6-c2d6842003a5', 256.000000),
	('a0810e64-b00c-4f57-93d7-793be2a277b3', 'a0810e64-af49-4f1b-b5e6-a6548364c904', '55068076-ceb7-4f3e-b5a3-8e15624bfcd0', 2264000.000000),
	('a0810e64-b0c4-4f96-8a02-a4b83be8c076', 'a0810e64-af49-4f1b-b5e6-a6548364c904', '780a1a80-6439-48ba-8463-56fe2d021610', 8.000000),
	('a0810e64-b148-4a7c-8ea5-b5192a236d43', 'a0810e64-af49-4f1b-b5e6-a6548364c904', '247b464e-d3d0-434c-8c22-9b90ca9af945', 50.000000),
	('a0810e64-b215-407a-ad4b-465d62ada404', 'a0810e64-af49-4f1b-b5e6-a6548364c904', 'abbd7b77-5410-42b7-ab39-e35770f07338', 5160.000000),
	('a0810e64-b2a7-4f4c-9269-18bbbbdc0981', 'a0810e64-af49-4f1b-b5e6-a6548364c904', 'c7910a27-870b-4d6a-a591-53b3aed24315', 6.780000),
	('a0810e64-b33a-490d-8995-b22875a15090', 'a0810e64-af49-4f1b-b5e6-a6548364c904', '8b0da664-9b9a-4dd7-97b6-c2d6842003a5', 256.000000),
	('a0810e64-b4f8-45de-9a0c-abdb2f448d66', 'a0810e64-b3f7-4620-9384-605610a438cc', '55068076-ceb7-4f3e-b5a3-8e15624bfcd0', 4399000.000000),
	('a0810e64-b59c-4b57-8bbc-86bf1a25cfe5', 'a0810e64-b3f7-4620-9384-605610a438cc', '780a1a80-6439-48ba-8463-56fe2d021610', 12.000000),
	('a0810e64-b66b-4361-9d17-d9606acb87b0', 'a0810e64-b3f7-4620-9384-605610a438cc', '247b464e-d3d0-434c-8c22-9b90ca9af945', 108.000000),
	('a0810e64-b731-4a63-8446-f6f941126d5c', 'a0810e64-b3f7-4620-9384-605610a438cc', 'abbd7b77-5410-42b7-ab39-e35770f07338', 5200.000000),
	('a0810e64-b7d2-48b9-9642-e0865462a35f', 'a0810e64-b3f7-4620-9384-605610a438cc', 'c7910a27-870b-4d6a-a591-53b3aed24315', 6.780000),
	('a0810e64-b8a0-4fe4-a9d6-0c33f872d3e9', 'a0810e64-b3f7-4620-9384-605610a438cc', '8b0da664-9b9a-4dd7-97b6-c2d6842003a5', 512.000000),
	('a0810e64-ba52-4d68-b2a3-2ee163036e09', 'a0810e64-b986-4357-934f-e59dbfef252c', '55068076-ceb7-4f3e-b5a3-8e15624bfcd0', 1729000.000000),
	('a0810e64-bb23-4154-a14c-b3d4dd1af274', 'a0810e64-b986-4357-934f-e59dbfef252c', '780a1a80-6439-48ba-8463-56fe2d021610', 8.000000),
	('a0810e64-bc69-43cb-9d00-f4e0e44c22d5', 'a0810e64-b986-4357-934f-e59dbfef252c', '247b464e-d3d0-434c-8c22-9b90ca9af945', 50.000000),
	('a0810e64-bd19-402b-82ca-2e2dbeb6bd36', 'a0810e64-b986-4357-934f-e59dbfef252c', 'abbd7b77-5410-42b7-ab39-e35770f07338', 5160.000000),
	('a0810e64-bdd8-4c1d-80ac-30ce5b89f087', 'a0810e64-b986-4357-934f-e59dbfef252c', 'c7910a27-870b-4d6a-a591-53b3aed24315', 6.700000),
	('a0810e64-be56-4af8-b45a-b291494216de', 'a0810e64-b986-4357-934f-e59dbfef252c', '8b0da664-9b9a-4dd7-97b6-c2d6842003a5', 256.000000),
	('a0810e64-bfc2-49a0-9669-af65b0325b5e', 'a0810e64-befc-46c4-ab1a-0205be2c9edf', '55068076-ceb7-4f3e-b5a3-8e15624bfcd0', 3199000.000000),
	('a0810e64-c076-4baa-81e6-a72b7c02e2f4', 'a0810e64-befc-46c4-ab1a-0205be2c9edf', '780a1a80-6439-48ba-8463-56fe2d021610', 6.000000),
	('a0810e64-c126-4675-b39b-44417b56cb16', 'a0810e64-befc-46c4-ab1a-0205be2c9edf', '247b464e-d3d0-434c-8c22-9b90ca9af945', 50.000000),
	('a0810e64-c207-4f3e-96cb-aa217c825f42', 'a0810e64-befc-46c4-ab1a-0205be2c9edf', 'abbd7b77-5410-42b7-ab39-e35770f07338', 5000.000000),
	('a0810e64-c2f5-4f12-a78d-12a8f5db64e5', 'a0810e64-befc-46c4-ab1a-0205be2c9edf', 'c7910a27-870b-4d6a-a591-53b3aed24315', 6.600000),
	('a0810e64-c3c8-47de-bea8-4b543d49b57b', 'a0810e64-befc-46c4-ab1a-0205be2c9edf', '8b0da664-9b9a-4dd7-97b6-c2d6842003a5', 128.000000),
	('a0810e64-c577-4668-91de-bd71ae83a60e', 'a0810e64-c4a6-4e44-ae0b-1d7afdf074e5', '55068076-ceb7-4f3e-b5a3-8e15624bfcd0', 2699000.000000),
	('a0810e64-c644-4a32-b358-c10c0069a3e8', 'a0810e64-c4a6-4e44-ae0b-1d7afdf074e5', '780a1a80-6439-48ba-8463-56fe2d021610', 8.000000),
	('a0810e64-c70c-4ca1-a689-e18ca2d9dcda', 'a0810e64-c4a6-4e44-ae0b-1d7afdf074e5', '247b464e-d3d0-434c-8c22-9b90ca9af945', 64.000000),
	('a0810e64-c7bd-4c3b-a4ba-dc5054ea5143', 'a0810e64-c4a6-4e44-ae0b-1d7afdf074e5', 'abbd7b77-5410-42b7-ab39-e35770f07338', 5200.000000),
	('a0810e64-c884-4864-b2fc-383668d87e29', 'a0810e64-c4a6-4e44-ae0b-1d7afdf074e5', 'c7910a27-870b-4d6a-a591-53b3aed24315', 6.780000),
	('a0810e64-c93c-430b-a69f-9208e0f5cbf3', 'a0810e64-c4a6-4e44-ae0b-1d7afdf074e5', '8b0da664-9b9a-4dd7-97b6-c2d6842003a5', 256.000000);

-- Dumping structure for table best_smartphone_ahp_saw.criterias
CREATE TABLE IF NOT EXISTS `criterias` (
  `uuid` varchar(225) CHARACTER SET utf8mb4 NOT NULL,
  `unit_uuid` varchar(225) CHARACTER SET utf8mb4 NOT NULL,
  `code` varchar(225) NOT NULL,
  `type` enum('cost','benefit') NOT NULL,
  `name` varchar(225) CHARACTER SET utf8mb4 NOT NULL,
  `value` double NOT NULL DEFAULT '0',
  `created_at` timestamp NOT NULL DEFAULT CURRENT_TIMESTAMP,
  `updated_at` timestamp NULL DEFAULT NULL,
  PRIMARY KEY (`uuid`) USING BTREE,
  UNIQUE KEY `uuid` (`uuid`) USING BTREE,
  KEY `fk_criterias_to_units` (`unit_uuid`),
  CONSTRAINT `fk_criterias_to_units` FOREIGN KEY (`unit_uuid`) REFERENCES `units` (`uuid`) ON DELETE CASCADE ON UPDATE CASCADE
) ROW_FORMAT=DYNAMIC;

-- Dumping data for table best_smartphone_ahp_saw.criterias: ~6 rows (approximately)
INSERT INTO `criterias` (`uuid`, `unit_uuid`, `code`, `type`, `name`, `value`, `created_at`, `updated_at`) VALUES
	('247b464e-d3d0-434c-8c22-9b90ca9af945', '8b722edb-85a8-4140-8a11-e56a43a83e3e', 'C3', 'benefit', 'Kamera', 0.1780746541, '2025-12-01 02:21:31', '2025-12-03 04:39:07'),
	('55068076-ceb7-4f3e-b5a3-8e15624bfcd0', '7b68aebe-fb80-4acc-a6dd-e97fdee8417b', 'C1', 'cost', 'Harga', 0.281114589, '2025-12-01 02:16:08', '2025-12-03 04:39:07'),
	('780a1a80-6439-48ba-8463-56fe2d021610', 'f26b9f96-3977-4ca4-96e5-abd384fb0a52', 'C2', 'benefit', 'RAM', 0.2216318255, '2025-12-01 02:21:14', '2025-12-03 04:39:07'),
	('8b0da664-9b9a-4dd7-97b6-c2d6842003a5', 'f26b9f96-3977-4ca4-96e5-abd384fb0a52', 'C6', 'benefit', 'Memori', 0.1151447202, '2025-12-01 03:07:37', '2025-12-03 04:39:07'),
	('abbd7b77-5410-42b7-ab39-e35770f07338', '42e788a3-b45e-42cc-a800-e5cfb8df1a99', 'C4', 'benefit', 'Baterai', 0.1436401621, '2025-12-01 02:21:45', '2025-12-03 04:39:07'),
	('c7910a27-870b-4d6a-a591-53b3aed24315', '3a1c8838-b61e-4a46-8930-f01175b59c0c', 'C5', 'benefit', 'Layar', 0.060394049, '2025-12-01 02:22:47', '2025-12-03 04:39:07');

-- Dumping structure for table best_smartphone_ahp_saw.units
CREATE TABLE IF NOT EXISTS `units` (
  `uuid` varchar(225) CHARACTER SET utf8mb4 NOT NULL,
  `name` varchar(225) CHARACTER SET utf8mb4 NOT NULL,
  `created_at` timestamp NOT NULL DEFAULT CURRENT_TIMESTAMP,
  `updated_at` timestamp NULL DEFAULT NULL,
  PRIMARY KEY (`uuid`) USING BTREE,
  UNIQUE KEY `uuid` (`uuid`) USING BTREE
) ROW_FORMAT=DYNAMIC;

-- Dumping data for table best_smartphone_ahp_saw.units: ~4 rows (approximately)
INSERT INTO `units` (`uuid`, `name`, `created_at`, `updated_at`) VALUES
	('3a1c8838-b61e-4a46-8930-f01175b59c0c', 'Inch', '2025-12-01 02:22:30', '2025-12-01 02:22:30'),
	('42e788a3-b45e-42cc-a800-e5cfb8df1a99', 'mAh', '2025-11-18 09:24:16', '2025-11-18 09:24:16'),
	('7b68aebe-fb80-4acc-a6dd-e97fdee8417b', 'Rupiah', '2025-11-18 09:23:39', '2025-11-18 09:23:39'),
	('8b722edb-85a8-4140-8a11-e56a43a83e3e', 'MP', '2025-11-18 09:24:07', '2025-11-18 09:24:07'),
	('f26b9f96-3977-4ca4-96e5-abd384fb0a52', 'GB', '2025-11-18 09:23:48', '2025-11-18 09:23:48');

-- Dumping structure for table best_smartphone_ahp_saw.users
CREATE TABLE IF NOT EXISTS `users` (
  `uuid` varchar(225) NOT NULL,
  `username` varchar(225) CHARACTER SET utf8mb4 NOT NULL,
  `password` varchar(225) CHARACTER SET utf8mb4 NOT NULL,
  PRIMARY KEY (`uuid`),
  UNIQUE KEY `uuid` (`uuid`),
  UNIQUE KEY `username` (`username`)
);

-- Dumping data for table best_smartphone_ahp_saw.users: ~1 rows (approximately)
INSERT INTO `users` (`uuid`, `username`, `password`) VALUES
	('e4c8a0a8-bb39-4fc1-a3c1-2f3a76cddc62', 'superadmin', '$2y$10$0vkOIWSSqnzoCqdDJUP2iul7pgU7eOdcsBeZw4RDloyJKvc2qQ/NS');

/*!40103 SET TIME_ZONE=IFNULL(@OLD_TIME_ZONE, 'system') */;
/*!40101 SET SQL_MODE=IFNULL(@OLD_SQL_MODE, '') */;
/*!40014 SET FOREIGN_KEY_CHECKS=IFNULL(@OLD_FOREIGN_KEY_CHECKS, 1) */;
/*!40101 SET CHARACTER_SET_CLIENT=@OLD_CHARACTER_SET_CLIENT */;
/*!40111 SET SQL_NOTES=IFNULL(@OLD_SQL_NOTES, 1) */;
