-- phpMyAdmin SQL Dump
-- version 5.2.1
-- https://www.phpmyadmin.net/
--
-- Host: 127.0.0.1
-- Generation Time: Dec 11, 2025 at 04:50 PM
-- Server version: 10.4.28-MariaDB
-- PHP Version: 8.2.4

SET SQL_MODE = "NO_AUTO_VALUE_ON_ZERO";
START TRANSACTION;
SET time_zone = "+00:00";


/*!40101 SET @OLD_CHARACTER_SET_CLIENT=@@CHARACTER_SET_CLIENT */;
/*!40101 SET @OLD_CHARACTER_SET_RESULTS=@@CHARACTER_SET_RESULTS */;
/*!40101 SET @OLD_COLLATION_CONNECTION=@@COLLATION_CONNECTION */;
/*!40101 SET NAMES utf8mb4 */;

--
-- Database: `spk_smartphone_ahp_saw`
--

-- --------------------------------------------------------

--
-- Table structure for table `alternatif`
--

CREATE TABLE `alternatif` (
  `uuid` varchar(225) NOT NULL,
  `code` varchar(225) NOT NULL,
  `name` varchar(225) NOT NULL,
  `created_at` timestamp NULL DEFAULT NULL,
  `updated_at` timestamp NULL DEFAULT NULL,
  `price` int(11) DEFAULT NULL,
  `ram` int(11) DEFAULT NULL,
  `camera` int(11) DEFAULT NULL,
  `battery_capacity` int(11) DEFAULT NULL,
  `screen_size` decimal(5,2) DEFAULT NULL,
  `weight` int(11) DEFAULT NULL
) ENGINE=InnoDB DEFAULT CHARSET=utf8mb4 COLLATE=utf8mb4_unicode_ci;

--
-- Dumping data for table `alternatif`
--

INSERT INTO `alternatif` (`uuid`, `code`, `name`, `created_at`, `updated_at`, `price`, `ram`, `camera`, `battery_capacity`, `screen_size`, `weight`) VALUES
('02f60542-21a2-4feb-8e17-31c1a84db85e', 'A19', 'Vivo X200 128GB', '2025-12-11 06:45:03', '2025-12-11 06:45:03', NULL, NULL, NULL, NULL, NULL, NULL),
('03e62763-1a64-4c2e-812e-8258099475cd', 'A23', 'Vivo X200 Pro Mini 256GB', '2025-12-11 06:52:24', '2025-12-11 06:52:24', NULL, NULL, NULL, NULL, NULL, NULL),
('04517922-663d-4d99-99b6-8b71f4089988', 'A10', 'Apple iPhone 16 Pro Max 128GB', '2025-12-11 05:50:14', '2025-12-11 05:50:14', NULL, NULL, NULL, NULL, NULL, NULL),
('08a17a66-5142-4621-9027-9282143ab8c0', 'A39', 'Huawei Pura 70 Pro', '2025-12-11 07:42:12', '2025-12-11 07:42:12', NULL, NULL, NULL, NULL, NULL, NULL),
('096f5ac6-3dea-47ea-989d-de537e90d108', 'A5', 'Apple iPhone 16 Plus 256GB', '2025-12-11 05:37:02', '2025-12-11 05:37:02', NULL, NULL, NULL, NULL, NULL, NULL),
('09b04d31-537e-419a-b9d7-34ea995a88dd', 'A31', 'Oppo A3 4G 128GB', '2025-12-11 07:04:49', '2025-12-11 07:04:49', NULL, NULL, NULL, NULL, NULL, NULL),
('1d692b63-76a3-4f78-bc59-328254e32401', 'A18', 'Samsung Galaxy S24 256GB', '2025-12-11 06:42:32', '2025-12-11 06:42:32', NULL, NULL, NULL, NULL, NULL, NULL),
('1e80dd6e-b637-46f5-9872-c90168cfa1b8', 'A13', 'Samsung Galaxy S24 Ultra 128GB', '2025-12-11 06:19:18', '2025-12-11 06:19:18', NULL, NULL, NULL, NULL, NULL, NULL),
('2050bd5b-cfce-423f-9b55-f8ce82981f11', 'A21', 'Vivo X200 Pro 256GB', '2025-12-11 06:49:27', '2025-12-11 06:49:27', NULL, NULL, NULL, NULL, NULL, NULL),
('2b1c2319-a527-4e3d-945a-1b3caa8a1bca', 'A33', 'Oppo A3  256 GB', '2025-12-11 07:07:27', '2025-12-11 07:07:27', NULL, NULL, NULL, NULL, NULL, NULL),
('2cf89ff0-ca09-4275-84b8-0f2e6623c3de', 'A8', 'Apple iPhone 16 Pro 256GB', '2025-12-11 05:42:31', '2025-12-11 05:42:31', NULL, NULL, NULL, NULL, NULL, NULL),
('32a1763f-7853-41e8-9910-87cd249af305', 'A12', 'Apple iPhone 16 Pro Max 512GB', '2025-12-11 06:01:29', '2025-12-11 06:01:29', NULL, NULL, NULL, NULL, NULL, NULL),
('330b84c3-7b1e-4271-9487-f5f7090a2059', 'A41', 'Huawei Pura 70 Ultra', '2025-12-11 08:10:05', '2025-12-11 08:10:05', NULL, NULL, NULL, NULL, NULL, NULL),
('379203bf-dbe9-4019-9a81-df2498295450', 'A30', 'Vivo iQOO 12 256GB', '2025-12-11 07:03:17', '2025-12-11 07:03:17', NULL, NULL, NULL, NULL, NULL, NULL),
('3a6bd5e7-bd42-46f3-a969-db4b9a42a9e5', 'A50', 'Huawei Mate X6', '2025-12-11 08:26:29', '2025-12-11 08:26:29', NULL, NULL, NULL, NULL, NULL, NULL),
('430e955b-6dd5-4cea-841f-cee945502072', 'A26', 'Vivo T3 5G 128GB', '2025-12-11 06:56:57', '2025-12-11 06:56:57', NULL, NULL, NULL, NULL, NULL, NULL),
('4a44db45-f413-4fb3-9d5f-dfc2ccbb8d7f', 'A11', 'Apple iPhone 16 Pro Max 256GB', '2025-12-11 05:59:29', '2025-12-11 05:59:29', NULL, NULL, NULL, NULL, NULL, NULL),
('50859cf3-de9a-4dcc-bf31-8822934f8bd9', 'A40', 'Huawei Pura 70 Pro+', '2025-12-11 07:52:01', '2025-12-11 07:52:01', NULL, NULL, NULL, NULL, NULL, NULL),
('51afbf74-f107-4e1f-9c75-a5351627ae46', 'A2', 'Apple iPhone 16 256GB', '2025-12-11 05:31:07', '2025-12-11 05:31:07', NULL, NULL, NULL, NULL, NULL, NULL),
('6202d22e-481f-4704-9802-c2e9119f5be7', 'A6', 'Apple iPhone 16 Plus 512GB', '2025-12-11 05:39:08', '2025-12-11 05:39:08', NULL, NULL, NULL, NULL, NULL, NULL),
('6711f9bb-93a4-403b-9e1c-f235e013baa2', 'A43', 'Huawei Mate 70 Pro', '2025-12-11 08:14:00', '2025-12-11 08:14:00', NULL, NULL, NULL, NULL, NULL, NULL),
('6772fbd7-50c4-4247-bb35-f3896c834bb2', 'A35', 'Oppo K12 Plus 512GB', '2025-12-11 07:09:57', '2025-12-11 07:09:57', NULL, NULL, NULL, NULL, NULL, NULL),
('754943fd-98da-4130-a5bd-78d90ce840ca', 'A37', 'Oppo A40 256GB', '2025-12-11 07:24:55', '2025-12-11 07:24:55', NULL, NULL, NULL, NULL, NULL, NULL),
('82ac4c90-64dc-4c76-a30c-9a1a1a612aa0', 'A27', 'Vivo Y100 5G 128GB', '2025-12-11 06:58:28', '2025-12-11 06:58:28', NULL, NULL, NULL, NULL, NULL, NULL),
('89fbfd7c-47f8-4895-9e9d-62eac6195e35', 'A17', 'Samsung Galaxy S24 128GB', '2025-12-11 06:33:02', '2025-12-11 06:33:02', NULL, NULL, NULL, NULL, NULL, NULL),
('8e297100-2ed9-4188-924d-e3b2c7b949ef', 'A29', 'Vivo V30 Pro 128GB', '2025-12-11 07:01:54', '2025-12-11 07:01:54', NULL, NULL, NULL, NULL, NULL, NULL),
('9338fc97-aeb5-42f5-a6c5-9e18b31f9ace', 'A36', 'Oppo A40 128GB', '2025-12-11 07:11:46', '2025-12-11 07:11:46', NULL, NULL, NULL, NULL, NULL, NULL),
('948be192-2ef0-4bb4-9559-d85517903454', 'A14', 'Samsung Galaxy S24 Ultra 256GB', '2025-12-11 06:24:03', '2025-12-11 06:24:03', NULL, NULL, NULL, NULL, NULL, NULL),
('94bd5ef4-315e-4a3a-b227-60b1ecb47767', 'A38', 'Huawei Pura 70', '2025-12-11 07:31:17', '2025-12-11 07:31:17', NULL, NULL, NULL, NULL, NULL, NULL),
('aebc39e9-9f06-464e-ae75-dd8020502004', 'A47', 'Samsung Galaxy Z Fold6 256GB', '2025-12-11 08:22:08', '2025-12-11 08:22:08', NULL, NULL, NULL, NULL, NULL, NULL),
('b66bf7c7-cc91-471e-9c8a-ceb1cb0279fc', 'A1', 'Apple iPhone 16 128GB', '2025-12-10 11:44:58', '2025-12-10 11:44:58', NULL, NULL, NULL, NULL, NULL, NULL),
('b7d5d2cc-e7ef-4146-b09d-ba8416a39bc6', 'A3', 'Apple iPhone 16 512GB', '2025-12-11 05:33:06', '2025-12-11 05:33:06', NULL, NULL, NULL, NULL, NULL, NULL),
('bdc7b4d6-5a3c-4a74-8ca3-522e24369173', 'A22', 'Vivo X200 Pro 512GB', '2025-12-11 06:50:57', '2025-12-11 06:50:57', NULL, NULL, NULL, NULL, NULL, NULL),
('c7750174-0956-454c-a32a-a42dc34031e6', 'A48', 'Samsung Galaxy Z Fold6 512GB', '2025-12-11 08:23:39', '2025-12-11 08:23:39', NULL, NULL, NULL, NULL, NULL, NULL),
('c9b3100f-2592-4ba2-952a-cf79a013141a', 'A46', 'Huawei Mate XT 512GB', '2025-12-11 08:19:36', '2025-12-11 08:19:36', NULL, NULL, NULL, NULL, NULL, NULL),
('cb91e5b6-e165-4ae9-bf4b-32c25c937b60', 'A28', 'Vivo S18 Pro 256GB', '2025-12-11 07:00:01', '2025-12-11 07:00:01', NULL, NULL, NULL, NULL, NULL, NULL),
('cd055a04-86f1-4603-956d-efda37da55e4', 'A7', 'Apple iPhone 16 Pro 128GB', '2025-12-11 05:40:43', '2025-12-11 05:40:43', NULL, NULL, NULL, NULL, NULL, NULL),
('cf6edfaf-ab99-4990-b857-d8c7a2c0c012', 'A49', 'Samsung Galaxy Z Fold6 1TB', '2025-12-11 08:25:09', '2025-12-11 08:25:09', NULL, NULL, NULL, NULL, NULL, NULL),
('d16567f4-d295-4786-9f6d-38cb49dc44ba', 'A16', 'Samsung Galaxy S24+ 256GB', '2025-12-11 06:30:14', '2025-12-11 06:30:14', NULL, NULL, NULL, NULL, NULL, NULL),
('d579dd58-d91d-4052-a0b5-c7576cc6c95e', 'A34', 'Oppo K12 Plus 256GB', '2025-12-11 07:08:29', '2025-12-11 07:08:29', NULL, NULL, NULL, NULL, NULL, NULL),
('d99b499f-400b-41a4-811b-a621486aa2ee', 'A24', 'Vivo V40e 128GB', '2025-12-11 06:53:43', '2025-12-11 06:53:43', NULL, NULL, NULL, NULL, NULL, NULL),
('de291659-a1e3-4a03-b554-e05346887b01', 'A45', 'Huawei Mate XT 256GB', '2025-12-11 08:18:26', '2025-12-11 08:18:26', NULL, NULL, NULL, NULL, NULL, NULL),
('e3c86d0c-0790-41b0-882c-a1348d7d35e2', 'A44', 'Huawei Mate 70 Pro+', '2025-12-11 08:16:53', '2025-12-11 08:16:53', NULL, NULL, NULL, NULL, NULL, NULL),
('e5541737-7e91-49de-b498-39af89314fd8', 'A25', 'Vivo Y200 GT 128GB', '2025-12-11 06:55:03', '2025-12-11 06:55:03', NULL, NULL, NULL, NULL, NULL, NULL),
('e61bddf1-a9b0-4419-9f45-a069f696b91d', 'A4', 'Apple iPhone 16 Plus 128GB', '2025-12-11 05:35:10', '2025-12-11 05:35:10', NULL, NULL, NULL, NULL, NULL, NULL),
('efe83b3e-c3c3-42de-b03f-87eb60fc3cc3', 'A9', 'Apple iPhone 16 Pro 512GB', '2025-12-11 05:44:47', '2025-12-11 05:44:47', NULL, NULL, NULL, NULL, NULL, NULL),
('f277736e-f1f1-4563-9b0a-2f7cc06e3c4a', 'A20', 'Vivo X200 256GB', '2025-12-11 06:47:06', '2025-12-11 06:47:06', NULL, NULL, NULL, NULL, NULL, NULL),
('f671ea7b-2ae2-4ec7-a4e4-da4de2b75a45', 'A32', 'Oppo A3 5G 128GB', '2025-12-11 07:06:26', '2025-12-11 07:06:26', NULL, NULL, NULL, NULL, NULL, NULL),
('fccc6ef8-63f0-4f9b-99ec-ca994a7b092d', 'A15', 'Samsung Galaxy S24+ 128GB', '2025-12-11 06:27:56', '2025-12-11 06:27:56', NULL, NULL, NULL, NULL, NULL, NULL),
('fd4c8542-9b5c-46ed-9a12-56778ade7165', 'A42', 'Huawei Mate 70', '2025-12-11 08:12:09', '2025-12-11 08:12:09', NULL, NULL, NULL, NULL, NULL, NULL);

-- --------------------------------------------------------

--
-- Table structure for table `bobot`
--

CREATE TABLE `bobot` (
  `uuid` varchar(225) NOT NULL,
  `criteria_a_uuid` varchar(225) NOT NULL,
  `criteria_b_uuid` varchar(225) NOT NULL,
  `value` decimal(20,6) NOT NULL DEFAULT 0.000000
) ENGINE=InnoDB DEFAULT CHARSET=utf8mb4 COLLATE=utf8mb4_unicode_ci;

--
-- Dumping data for table `bobot`
--

INSERT INTO `bobot` (`uuid`, `criteria_a_uuid`, `criteria_b_uuid`, `value`) VALUES
('0aeb3272-45e0-47fb-8c4d-ad7d5c26cbf5', 'c7910a27-870b-4d6a-a591-53b3aed24315', '55068076-ceb7-4f3e-b5a3-8e15624bfcd0', 0.333300),
('0b8d3264-ab4c-432e-b511-1dbed4270707', '780a1a80-6439-48ba-8463-56fe2d021610', 'c7910a27-870b-4d6a-a591-53b3aed24315', 3.000300),
('0d4e9e48-1195-4503-9d87-d478d741f1ea', '55068076-ceb7-4f3e-b5a3-8e15624bfcd0', '55068076-ceb7-4f3e-b5a3-8e15624bfcd0', 1.000000),
('0e5b2374-e7ec-453e-bbf4-7f48b7f3c7f7', '8b0da664-9b9a-4dd7-97b6-c2d6842003a5', 'abbd7b77-5410-42b7-ab39-e35770f07338', 0.500000),
('13aa65d9-04b5-4fdc-be39-9c8234808946', '8b0da664-9b9a-4dd7-97b6-c2d6842003a5', 'abbd7b77-5410-42b7-ab39-e35770f07338', 0.500000),
('1608df34-908a-4eb0-b3f4-44fae67a8ff0', '247b464e-d3d0-434c-8c22-9b90ca9af945', '780a1a80-6439-48ba-8463-56fe2d021610', 0.500000),
('182a9b04-389f-4d11-a78e-6333c65cbc88', 'c7910a27-870b-4d6a-a591-53b3aed24315', '247b464e-d3d0-434c-8c22-9b90ca9af945', 0.333333),
('18a18d20-bea1-478d-b91a-04c617df3335', '8b0da664-9b9a-4dd7-97b6-c2d6842003a5', 'c7910a27-870b-4d6a-a591-53b3aed24315', 3.000300),
('1c2d54dc-82ca-434b-8622-f0b3f0a0a5d8', '8b0da664-9b9a-4dd7-97b6-c2d6842003a5', '247b464e-d3d0-434c-8c22-9b90ca9af945', 0.500000),
('1cd02c13-258f-49f9-9699-72a93d89e26b', 'abbd7b77-5410-42b7-ab39-e35770f07338', '780a1a80-6439-48ba-8463-56fe2d021610', 0.500000),
('1fafe1ec-3306-4a53-bebf-f270f490d9d5', '247b464e-d3d0-434c-8c22-9b90ca9af945', '55068076-ceb7-4f3e-b5a3-8e15624bfcd0', 0.500000),
('204e518b-2bc3-40fe-ac07-040dc1f70eaf', 'c7910a27-870b-4d6a-a591-53b3aed24315', '780a1a80-6439-48ba-8463-56fe2d021610', 0.333300),
('20e2d13b-baba-4896-ae64-e126ca76510b', 'c7910a27-870b-4d6a-a591-53b3aed24315', 'abbd7b77-5410-42b7-ab39-e35770f07338', 0.333300),
('213e7685-e79d-4924-9c01-05e39192e8d4', '780a1a80-6439-48ba-8463-56fe2d021610', '247b464e-d3d0-434c-8c22-9b90ca9af945', 2.000000),
('22687c13-3a33-4167-8501-c5ee87c05227', '780a1a80-6439-48ba-8463-56fe2d021610', '8b0da664-9b9a-4dd7-97b6-c2d6842003a5', 2.000000),
('23f9ab53-56b4-455d-ad6c-345f6542f879', '55068076-ceb7-4f3e-b5a3-8e15624bfcd0', '780a1a80-6439-48ba-8463-56fe2d021610', 2.000000),
('34381727-5ca7-403a-96dd-3b9aa6e77d3f', '55068076-ceb7-4f3e-b5a3-8e15624bfcd0', '247b464e-d3d0-434c-8c22-9b90ca9af945', 2.000000),
('34aa2f81-1cf3-45c7-af74-e89adda28f6d', 'c7910a27-870b-4d6a-a591-53b3aed24315', '8b0da664-9b9a-4dd7-97b6-c2d6842003a5', 0.333300),
('3867405c-23a6-4437-955e-10c241fbe6f4', 'abbd7b77-5410-42b7-ab39-e35770f07338', 'c7910a27-870b-4d6a-a591-53b3aed24315', 3.000300),
('3a801b14-cbc4-4d26-9166-cc2e6b58002f', 'c7910a27-870b-4d6a-a591-53b3aed24315', 'c7910a27-870b-4d6a-a591-53b3aed24315', 1.000000),
('3de1fedf-79ac-4ae2-a661-37682b2d17e9', '8b0da664-9b9a-4dd7-97b6-c2d6842003a5', '780a1a80-6439-48ba-8463-56fe2d021610', 0.500000),
('419f8dbc-846b-41e8-a782-30f5883093c8', '55068076-ceb7-4f3e-b5a3-8e15624bfcd0', 'abbd7b77-5410-42b7-ab39-e35770f07338', 2.000000),
('4c28702c-5e7a-451e-bf15-ec59895c64d3', '780a1a80-6439-48ba-8463-56fe2d021610', '780a1a80-6439-48ba-8463-56fe2d021610', 1.000000),
('4c5f1486-4391-4fef-88b7-568c241fbaa5', '55068076-ceb7-4f3e-b5a3-8e15624bfcd0', 'abbd7b77-5410-42b7-ab39-e35770f07338', 2.000000),
('4c76a5e1-f1d9-4c77-ba99-d8f01eedcbf6', '247b464e-d3d0-434c-8c22-9b90ca9af945', '247b464e-d3d0-434c-8c22-9b90ca9af945', 1.000000),
('4e8540a3-4e1c-4a37-8090-d17ab46affaa', '8b0da664-9b9a-4dd7-97b6-c2d6842003a5', '55068076-ceb7-4f3e-b5a3-8e15624bfcd0', 0.500000),
('4fb699c9-77be-4a27-bb8f-4d42d5270c92', '247b464e-d3d0-434c-8c22-9b90ca9af945', '55068076-ceb7-4f3e-b5a3-8e15624bfcd0', 0.500000),
('518eb6ee-670f-4b94-94b1-e53d3f87bcd5', 'abbd7b77-5410-42b7-ab39-e35770f07338', '247b464e-d3d0-434c-8c22-9b90ca9af945', 0.500000),
('55b06da9-1f11-4430-b4bf-6565a0482ffc', 'abbd7b77-5410-42b7-ab39-e35770f07338', '247b464e-d3d0-434c-8c22-9b90ca9af945', 0.500000),
('57012024-1079-48d2-b829-981633df536e', 'c7910a27-870b-4d6a-a591-53b3aed24315', '55068076-ceb7-4f3e-b5a3-8e15624bfcd0', 0.333333),
('5b80b6f8-cedd-448f-bf47-92a14d06b4da', 'abbd7b77-5410-42b7-ab39-e35770f07338', 'abbd7b77-5410-42b7-ab39-e35770f07338', 1.000000),
('5c16e2ea-bd99-4739-a490-bc49bb244a08', '8b0da664-9b9a-4dd7-97b6-c2d6842003a5', '780a1a80-6439-48ba-8463-56fe2d021610', 0.500000),
('72210d3d-8efb-4cc8-933f-73bb0c807b52', '55068076-ceb7-4f3e-b5a3-8e15624bfcd0', '8b0da664-9b9a-4dd7-97b6-c2d6842003a5', 2.000000),
('747f52d3-0e04-4d72-9fca-c95c9073e45b', '8b0da664-9b9a-4dd7-97b6-c2d6842003a5', '8b0da664-9b9a-4dd7-97b6-c2d6842003a5', 1.000000),
('770d4d2c-0f4d-4a10-9287-f2cb221ec12b', '780a1a80-6439-48ba-8463-56fe2d021610', 'abbd7b77-5410-42b7-ab39-e35770f07338', 2.000000),
('7858255a-77d8-47c7-a53c-a3bebe11efe4', '247b464e-d3d0-434c-8c22-9b90ca9af945', '780a1a80-6439-48ba-8463-56fe2d021610', 0.500000),
('7b185dec-a40f-48ee-9e42-434bad1b42e2', 'c7910a27-870b-4d6a-a591-53b3aed24315', '780a1a80-6439-48ba-8463-56fe2d021610', 0.333300),
('7e0ae117-4b30-48b5-b2d4-3a2c2c642528', 'abbd7b77-5410-42b7-ab39-e35770f07338', '8b0da664-9b9a-4dd7-97b6-c2d6842003a5', 2.000000),
('7e2d85c6-cf83-4211-80ab-1a89560ed9c6', '780a1a80-6439-48ba-8463-56fe2d021610', '55068076-ceb7-4f3e-b5a3-8e15624bfcd0', 0.500000),
('7eeeb868-eab1-4038-b36c-b756a0477896', 'abbd7b77-5410-42b7-ab39-e35770f07338', '55068076-ceb7-4f3e-b5a3-8e15624bfcd0', 0.500000),
('7fc03852-fe28-4485-b18b-a518a51a0e8c', 'abbd7b77-5410-42b7-ab39-e35770f07338', 'c7910a27-870b-4d6a-a591-53b3aed24315', 3.000300),
('858aefdc-76ec-45e6-8ed8-281a88b6203a', '247b464e-d3d0-434c-8c22-9b90ca9af945', 'c7910a27-870b-4d6a-a591-53b3aed24315', 3.000000),
('86339438-baec-49d2-907c-4b11b98c1704', '780a1a80-6439-48ba-8463-56fe2d021610', 'abbd7b77-5410-42b7-ab39-e35770f07338', 2.000000),
('8d8fef25-9170-446b-a606-14343618c26b', '780a1a80-6439-48ba-8463-56fe2d021610', 'c7910a27-870b-4d6a-a591-53b3aed24315', 3.000300),
('8eb8c369-9d31-4f9c-8467-4f035768e6b6', '247b464e-d3d0-434c-8c22-9b90ca9af945', '8b0da664-9b9a-4dd7-97b6-c2d6842003a5', 2.000000),
('8f40569e-dd4d-4ce1-928b-425841e5aa33', 'c7910a27-870b-4d6a-a591-53b3aed24315', 'abbd7b77-5410-42b7-ab39-e35770f07338', 0.333300),
('94d26abc-78c6-4a99-a952-c4f8ff748613', '55068076-ceb7-4f3e-b5a3-8e15624bfcd0', '780a1a80-6439-48ba-8463-56fe2d021610', 2.000000),
('a114edd8-b6cd-445e-abd2-9627331914b0', 'abbd7b77-5410-42b7-ab39-e35770f07338', '8b0da664-9b9a-4dd7-97b6-c2d6842003a5', 2.000000),
('a2e5b656-9d3b-4023-9ef7-025d7670acca', '247b464e-d3d0-434c-8c22-9b90ca9af945', 'abbd7b77-5410-42b7-ab39-e35770f07338', 2.000000),
('a390c943-593a-4755-90d7-2ba25ba4c365', '8b0da664-9b9a-4dd7-97b6-c2d6842003a5', 'c7910a27-870b-4d6a-a591-53b3aed24315', 3.000000),
('a7bb7ad1-1dba-4185-bbe7-9ecc748a593a', '55068076-ceb7-4f3e-b5a3-8e15624bfcd0', '8b0da664-9b9a-4dd7-97b6-c2d6842003a5', 2.000000),
('af0d1406-f8ef-4793-9be4-a4981fd2632d', '55068076-ceb7-4f3e-b5a3-8e15624bfcd0', '247b464e-d3d0-434c-8c22-9b90ca9af945', 2.000000),
('b2b5be05-f23e-4390-a943-94e6672c0189', '247b464e-d3d0-434c-8c22-9b90ca9af945', '8b0da664-9b9a-4dd7-97b6-c2d6842003a5', 2.000000),
('b35dcd46-7a9d-4a43-af15-70cb303b9904', '780a1a80-6439-48ba-8463-56fe2d021610', '780a1a80-6439-48ba-8463-56fe2d021610', 1.000000),
('b447374c-6a8d-4970-9347-8797ea72aeda', 'c7910a27-870b-4d6a-a591-53b3aed24315', '8b0da664-9b9a-4dd7-97b6-c2d6842003a5', 0.333333),
('b594f6ae-3bf8-464f-860f-25ef75ad63ce', '247b464e-d3d0-434c-8c22-9b90ca9af945', 'c7910a27-870b-4d6a-a591-53b3aed24315', 3.000003),
('b6dce717-e1c6-4909-8b4a-5eb91195e25c', '247b464e-d3d0-434c-8c22-9b90ca9af945', 'abbd7b77-5410-42b7-ab39-e35770f07338', 2.000000),
('ba5df748-46e9-445e-8d5b-9a22ea5b67e2', '8b0da664-9b9a-4dd7-97b6-c2d6842003a5', '8b0da664-9b9a-4dd7-97b6-c2d6842003a5', 1.000000),
('bfecbe8d-da1a-4825-ba95-040968087b77', 'c7910a27-870b-4d6a-a591-53b3aed24315', 'c7910a27-870b-4d6a-a591-53b3aed24315', 1.000000),
('c13a848d-a9b3-4c9a-b5d4-e2793cc5ad87', 'abbd7b77-5410-42b7-ab39-e35770f07338', '780a1a80-6439-48ba-8463-56fe2d021610', 0.500000),
('c3e197bc-fce7-465e-a226-ee70a53b861a', '55068076-ceb7-4f3e-b5a3-8e15624bfcd0', '55068076-ceb7-4f3e-b5a3-8e15624bfcd0', 1.000000),
('c60ac4eb-d354-4c6a-b6ff-4c7bd5d36311', 'c7910a27-870b-4d6a-a591-53b3aed24315', '247b464e-d3d0-434c-8c22-9b90ca9af945', 0.333333),
('c6ebc72b-b881-43d5-bec3-bd80f4fc30bf', '55068076-ceb7-4f3e-b5a3-8e15624bfcd0', 'c7910a27-870b-4d6a-a591-53b3aed24315', 3.000003),
('ccc4c729-46c7-40f8-9820-8122c113c230', 'abbd7b77-5410-42b7-ab39-e35770f07338', '55068076-ceb7-4f3e-b5a3-8e15624bfcd0', 0.500000),
('da25806f-db54-41b6-9fc8-b5c15e782ee2', '55068076-ceb7-4f3e-b5a3-8e15624bfcd0', 'c7910a27-870b-4d6a-a591-53b3aed24315', 3.000300),
('de79b8de-df84-4199-a5dd-0474f7470879', '780a1a80-6439-48ba-8463-56fe2d021610', '247b464e-d3d0-434c-8c22-9b90ca9af945', 2.000000),
('e863eb60-6a65-4096-b82d-fd1cccf2428f', '247b464e-d3d0-434c-8c22-9b90ca9af945', '247b464e-d3d0-434c-8c22-9b90ca9af945', 1.000000),
('edb8af6a-c692-4ba3-a291-d1ad861ef108', '780a1a80-6439-48ba-8463-56fe2d021610', '55068076-ceb7-4f3e-b5a3-8e15624bfcd0', 0.500000),
('ede4839d-460a-42e3-852f-a14ab474b174', '8b0da664-9b9a-4dd7-97b6-c2d6842003a5', '247b464e-d3d0-434c-8c22-9b90ca9af945', 0.500000),
('f964e6bb-b8cc-43d4-89e3-92d29334e579', '8b0da664-9b9a-4dd7-97b6-c2d6842003a5', '55068076-ceb7-4f3e-b5a3-8e15624bfcd0', 0.500000),
('ff39510b-799c-477f-9e2b-85b8f99e0625', 'abbd7b77-5410-42b7-ab39-e35770f07338', 'abbd7b77-5410-42b7-ab39-e35770f07338', 1.000000),
('ffd631dd-432e-4556-9711-d72c2defdb6f', '780a1a80-6439-48ba-8463-56fe2d021610', '8b0da664-9b9a-4dd7-97b6-c2d6842003a5', 2.000000);

-- --------------------------------------------------------

--
-- Table structure for table `kriteria`
--

CREATE TABLE `kriteria` (
  `uuid` varchar(225) NOT NULL,
  `code` varchar(225) NOT NULL,
  `unit_uuid` varchar(225) NOT NULL,
  `type` enum('cost','benefit') NOT NULL,
  `name` varchar(225) NOT NULL,
  `value` double NOT NULL DEFAULT 0,
  `created_at` timestamp NOT NULL DEFAULT '0000-00-00 00:00:00',
  `updated_at` timestamp NOT NULL DEFAULT '0000-00-00 00:00:00'
) ENGINE=InnoDB DEFAULT CHARSET=utf8mb4 COLLATE=utf8mb4_unicode_ci;

--
-- Dumping data for table `kriteria`
--

INSERT INTO `kriteria` (`uuid`, `code`, `unit_uuid`, `type`, `name`, `value`, `created_at`, `updated_at`) VALUES
('247b464e-d3d0-434c-8c22-9b90ca9af945', 'C3', '8b722edb-85a8-4140-8a11-e56a43a83e3e', 'benefit', 'Kamera', 0.1780735613, '2025-12-01 02:21:31', '2025-12-04 05:39:56'),
('55068076-ceb7-4f3e-b5a3-8e15624bfcd0', 'C1', '7b68aebe-fb80-4acc-a6dd-e97fdee8417b', 'cost', 'Harga', 0.2811141281, '2025-12-01 02:16:08', '2025-12-04 05:39:56'),
('780a1a80-6439-48ba-8463-56fe2d021610', 'C2', 'f26b9f96-3977-4ca4-96e5-abd384fb0a52', 'benefit', 'RAM', 0.2216339752, '2025-12-01 02:21:14', '2025-12-04 05:39:56'),
('8b0da664-9b9a-4dd7-97b6-c2d6842003a5', 'C6', 'f26b9f96-3977-4ca4-96e5-abd384fb0a52', 'benefit', 'Berat', 0.1151465547, '2025-12-01 03:07:37', '2025-12-04 05:39:56'),
('abbd7b77-5410-42b7-ab39-e35770f07338', 'C4', '42e788a3-b45e-42cc-a800-e5cfb8df1a99', 'benefit', 'Baterai', 0.1436421044, '2025-12-01 02:21:45', '2025-12-04 05:39:56'),
('c7910a27-870b-4d6a-a591-53b3aed24315', 'C5', '3a1c8838-b61e-4a46-8930-f01175b59c0c', 'benefit', 'Layar', 0.0603896762, '2025-12-01 02:22:47', '2025-12-04 05:39:56');

-- --------------------------------------------------------

--
-- Table structure for table `nilai_kriteria`
--

CREATE TABLE `nilai_kriteria` (
  `uuid` varchar(225) NOT NULL,
  `alternative_uuid` varchar(225) NOT NULL,
  `criteria_uuid` varchar(225) NOT NULL,
  `value` decimal(20,6) NOT NULL DEFAULT 0.000000
) ENGINE=InnoDB DEFAULT CHARSET=utf8mb4 COLLATE=utf8mb4_unicode_ci;

--
-- Dumping data for table `nilai_kriteria`
--

INSERT INTO `nilai_kriteria` (`uuid`, `alternative_uuid`, `criteria_uuid`, `value`) VALUES
('02f2904b-02e1-4aa8-9a5a-05d633fec12e', '948be192-2ef0-4bb4-9559-d85517903454', '247b464e-d3d0-434c-8c22-9b90ca9af945', 200.000000),
('0334b247-f259-4f93-bca2-e86fe77dbf33', 'efe83b3e-c3c3-42de-b03f-87eb60fc3cc3', '247b464e-d3d0-434c-8c22-9b90ca9af945', 50.000000),
('0a215d85-2389-44eb-8885-8e3b96af60b3', 'b7d5d2cc-e7ef-4146-b09d-ba8416a39bc6', '247b464e-d3d0-434c-8c22-9b90ca9af945', 48.000000),
('0a24125d-1394-45aa-8fe1-eeb3392d2070', '948be192-2ef0-4bb4-9559-d85517903454', '780a1a80-6439-48ba-8463-56fe2d021610', 12.000000),
('0a72047e-1ebd-4480-9b72-f62f1d40f37f', 'e3c86d0c-0790-41b0-882c-a1348d7d35e2', '8b0da664-9b9a-4dd7-97b6-c2d6842003a5', 220.000000),
('0aef45ab-84fa-43c7-a720-1e58c028bec2', 'c7750174-0956-454c-a32a-a42dc34031e6', 'abbd7b77-5410-42b7-ab39-e35770f07338', 4400.000000),
('0afda5c6-5fb9-4012-ab06-e9a065aeb0b5', '096f5ac6-3dea-47ea-989d-de537e90d108', '55068076-ceb7-4f3e-b5a3-8e15624bfcd0', 15841657.000000),
('0b71fbf3-9b5e-4fe4-9185-4105a56aeb46', '430e955b-6dd5-4cea-841f-cee945502072', '8b0da664-9b9a-4dd7-97b6-c2d6842003a5', 180.000000),
('0bac2403-bb68-4857-99f6-6667bcd95e87', '09b04d31-537e-419a-b9d7-34ea995a88dd', '247b464e-d3d0-434c-8c22-9b90ca9af945', 50.000000),
('0c022c91-9baf-4277-a93c-5d75bb5e597e', '379203bf-dbe9-4019-9a81-df2498295450', '247b464e-d3d0-434c-8c22-9b90ca9af945', 50.000000),
('0c0b1abe-9012-4a34-bf91-67fa63f10baa', '2cf89ff0-ca09-4275-84b8-0f2e6623c3de', 'c7910a27-870b-4d6a-a591-53b3aed24315', 6.100000),
('0d1fc992-d3a1-4578-bc4c-a0143a65d4ef', '50859cf3-de9a-4dcc-bf31-8822934f8bd9', '780a1a80-6439-48ba-8463-56fe2d021610', 12.000000),
('0dbd1d9a-f1b1-4143-a0c2-026637529953', 'aebc39e9-9f06-464e-ae75-dd8020502004', '55068076-ceb7-4f3e-b5a3-8e15624bfcd0', 31700007.000000),
('0e6622c7-d682-468c-a691-ca58890d11e5', '6202d22e-481f-4704-9802-c2e9119f5be7', '8b0da664-9b9a-4dd7-97b6-c2d6842003a5', 203.000000),
('0e9410c4-6387-4461-84dd-108415b8d9a8', 'de291659-a1e3-4a03-b554-e05346887b01', '55068076-ceb7-4f3e-b5a3-8e15624bfcd0', 43385107.000000),
('11885ffd-d585-4ddb-8d80-3c96a71fbf81', 'cd055a04-86f1-4603-956d-efda37da55e4', '247b464e-d3d0-434c-8c22-9b90ca9af945', 50.000000),
('12c9b6bf-98f6-4fa1-a654-fde608c35eca', '948be192-2ef0-4bb4-9559-d85517903454', 'c7910a27-870b-4d6a-a591-53b3aed24315', 6.800000),
('13a879b7-7bc3-4382-91de-86dbcad69ec2', '379203bf-dbe9-4019-9a81-df2498295450', 'abbd7b77-5410-42b7-ab39-e35770f07338', 5000.000000),
('13b85406-5a57-4897-9ef1-1ea74fcabd34', '6711f9bb-93a4-403b-9e1c-f235e013baa2', '780a1a80-6439-48ba-8463-56fe2d021610', 12.000000),
('14a9c895-8d69-423d-af1a-bf8f54e78390', 'cb91e5b6-e165-4ae9-bf4b-32c25c937b60', 'c7910a27-870b-4d6a-a591-53b3aed24315', 6.560000),
('18417a23-c67b-4927-aa75-d77c3a7b4b13', 'e61bddf1-a9b0-4419-9f45-a069f696b91d', '247b464e-d3d0-434c-8c22-9b90ca9af945', 48.000000),
('18b111a9-cb18-48a6-b824-7aa00065d827', '09b04d31-537e-419a-b9d7-34ea995a88dd', '55068076-ceb7-4f3e-b5a3-8e15624bfcd0', 6660507.000000),
('193b5829-fc7d-40b5-85ca-ee866f86f107', '6772fbd7-50c4-4247-bb35-f3896c834bb2', 'abbd7b77-5410-42b7-ab39-e35770f07338', 6400.000000),
('1963ed29-1796-437e-a973-001055171cd9', '330b84c3-7b1e-4271-9487-f5f7090a2059', '247b464e-d3d0-434c-8c22-9b90ca9af945', 50.000000),
('1a9a14b3-6327-418e-bf65-16b6db3c3c90', '08a17a66-5142-4621-9027-9282143ab8c0', 'abbd7b77-5410-42b7-ab39-e35770f07338', 5050.000000),
('1afb51e7-0187-4008-9681-08fb30e2bc66', 'cd055a04-86f1-4603-956d-efda37da55e4', 'abbd7b77-5410-42b7-ab39-e35770f07338', 4400.000000),
('1b4ac45b-2d01-4da2-9fbb-f341e822f1fc', '6202d22e-481f-4704-9802-c2e9119f5be7', '55068076-ceb7-4f3e-b5a3-8e15624bfcd0', 16676307.000000),
('1e295e95-d541-484f-bbb8-262b9ffc31f8', '754943fd-98da-4130-a5bd-78d90ce840ca', 'c7910a27-870b-4d6a-a591-53b3aed24315', 6.670000),
('1e4d375a-9ea3-4c7d-aed8-84be5b1be394', '50859cf3-de9a-4dcc-bf31-8822934f8bd9', '55068076-ceb7-4f3e-b5a3-8e15624bfcd0', 20014907.000000),
('1edfcf5e-c7b2-4cb8-a1f6-6a55212e2acb', 'd99b499f-400b-41a4-811b-a621486aa2ee', '8b0da664-9b9a-4dd7-97b6-c2d6842003a5', 179.000000),
('1f129b76-9cde-4ee3-a417-ffb2451b9fb6', 'e61bddf1-a9b0-4419-9f45-a069f696b91d', 'abbd7b77-5410-42b7-ab39-e35770f07338', 4200.000000),
('21fccd89-b231-4baa-9918-3efed6ffcd54', '02f60542-21a2-4feb-8e17-31c1a84db85e', '780a1a80-6439-48ba-8463-56fe2d021610', 12.000000),
('2323c9cb-88f1-4c6c-a2f0-6a70e3401264', 'cb91e5b6-e165-4ae9-bf4b-32c25c937b60', 'abbd7b77-5410-42b7-ab39-e35770f07338', 4700.000000),
('23805ed0-d4b4-4580-ac4b-809c87295643', '754943fd-98da-4130-a5bd-78d90ce840ca', '8b0da664-9b9a-4dd7-97b6-c2d6842003a5', 186.000000),
('23d475d7-9855-4dce-9852-a1df6497b3c5', 'd16567f4-d295-4786-9f6d-38cb49dc44ba', '8b0da664-9b9a-4dd7-97b6-c2d6842003a5', 196.000000),
('24684bdc-0dab-4a53-b4e3-3190734fccff', '82ac4c90-64dc-4c76-a30c-9a1a1a612aa0', '55068076-ceb7-4f3e-b5a3-8e15624bfcd0', 4991207.000000),
('24fb1b55-0179-4a53-9e11-75b4e04ecc54', '3a6bd5e7-bd42-46f3-a969-db4b9a42a9e5', 'abbd7b77-5410-42b7-ab39-e35770f07338', 4800.000000),
('26a4735b-f011-4eed-b52a-9547c9cd3d9a', '379203bf-dbe9-4019-9a81-df2498295450', '780a1a80-6439-48ba-8463-56fe2d021610', 16.000000),
('28816c0b-3e08-4173-833b-c6c73017fc7b', '4a44db45-f413-4fb3-9d5f-dfc2ccbb8d7f', 'abbd7b77-5410-42b7-ab39-e35770f07338', 4500.000000),
('28dbd63a-1fcb-420d-a9fd-32b58dad00ca', 'fd4c8542-9b5c-46ed-9a12-56778ade7165', '55068076-ceb7-4f3e-b5a3-8e15624bfcd0', 15007007.000000),
('2b8de903-10f1-4569-b232-5138524f537f', 'bdc7b4d6-5a3c-4a74-8ca3-522e24369173', '780a1a80-6439-48ba-8463-56fe2d021610', 16.000000),
('2cc29717-1016-4df9-86b9-21b8fc2ee38e', '04517922-663d-4d99-99b6-8b71f4089988', '55068076-ceb7-4f3e-b5a3-8e15624bfcd0', 18345607.000000),
('2d0f76b5-3148-4e94-b530-a3a87dbebc6e', '89fbfd7c-47f8-4895-9e9d-62eac6195e35', '780a1a80-6439-48ba-8463-56fe2d021610', 8.000000),
('2db28e1c-9624-47f4-9a5a-aa852f1dad07', 'cd055a04-86f1-4603-956d-efda37da55e4', '780a1a80-6439-48ba-8463-56fe2d021610', 6.000000),
('2e0f2a19-9f72-4ad1-9391-3e449e20e2c3', '51afbf74-f107-4e1f-9c75-a5351627ae46', '55068076-ceb7-4f3e-b5a3-8e15624bfcd0', 14172357.000000),
('2eaa8ad9-d101-4df1-9611-fa949c3372a6', '8e297100-2ed9-4188-924d-e3b2c7b949ef', '55068076-ceb7-4f3e-b5a3-8e15624bfcd0', 9164457.000000),
('2fbd8793-6fa3-44d4-b8dd-ed746996946b', '94bd5ef4-315e-4a3a-b227-60b1ecb47767', '247b464e-d3d0-434c-8c22-9b90ca9af945', 50.000000),
('317178ce-71cb-49d0-8c4c-21f3d2f610a9', 'cf6edfaf-ab99-4990-b857-d8c7a2c0c012', '55068076-ceb7-4f3e-b5a3-8e15624bfcd0', 37709487.000000),
('32946ca3-c6a8-43ec-8720-fb9fe4b47fdf', '03e62763-1a64-4c2e-812e-8258099475cd', 'abbd7b77-5410-42b7-ab39-e35770f07338', 5700.000000),
('32fb523e-cfed-479a-925d-436c03567b3d', 'c7750174-0956-454c-a32a-a42dc34031e6', '780a1a80-6439-48ba-8463-56fe2d021610', 12.000000),
('333c34d9-aebf-4e72-81eb-d3ff23858e16', 'cb91e5b6-e165-4ae9-bf4b-32c25c937b60', '247b464e-d3d0-434c-8c22-9b90ca9af945', 108.000000),
('34f98d27-b30c-4c2c-8558-6f50e84a9762', '94bd5ef4-315e-4a3a-b227-60b1ecb47767', '55068076-ceb7-4f3e-b5a3-8e15624bfcd0', 16676307.000000),
('3819115f-e422-4d55-a16f-8487ef3dd060', '8e297100-2ed9-4188-924d-e3b2c7b949ef', 'c7910a27-870b-4d6a-a591-53b3aed24315', 6.440000),
('39247fd2-d800-45c1-9db8-09f306fa25a0', 'e5541737-7e91-49de-b498-39af89314fd8', '780a1a80-6439-48ba-8463-56fe2d021610', 12.000000),
('398813c1-8e07-4da2-88d1-903ff040f633', '08a17a66-5142-4621-9027-9282143ab8c0', '8b0da664-9b9a-4dd7-97b6-c2d6842003a5', 220.000000),
('3a19d108-39f1-4abd-9729-3c1779943cde', 'fd4c8542-9b5c-46ed-9a12-56778ade7165', '8b0da664-9b9a-4dd7-97b6-c2d6842003a5', 220.000000),
('3a928620-a563-49b6-baf7-dc9975a739d6', '50859cf3-de9a-4dcc-bf31-8822934f8bd9', 'c7910a27-870b-4d6a-a591-53b3aed24315', 6.800000),
('3aa8bf82-e573-4cdf-a57d-81d1ddaff65d', '03e62763-1a64-4c2e-812e-8258099475cd', '247b464e-d3d0-434c-8c22-9b90ca9af945', 50.000000),
('3d9fb7b5-638a-49e5-964c-b8dc170e40b8', '50859cf3-de9a-4dcc-bf31-8822934f8bd9', 'abbd7b77-5410-42b7-ab39-e35770f07338', 5050.000000),
('3e24c645-83a3-4bbe-88a6-23634e96bb0d', '754943fd-98da-4130-a5bd-78d90ce840ca', '247b464e-d3d0-434c-8c22-9b90ca9af945', 50.000000),
('3e36520e-1896-4871-ad02-87c4215cade2', '82ac4c90-64dc-4c76-a30c-9a1a1a612aa0', '8b0da664-9b9a-4dd7-97b6-c2d6842003a5', 181.000000),
('3e6ddb12-dfae-4ab2-a08e-f9b7e2fc2150', 'd99b499f-400b-41a4-811b-a621486aa2ee', 'abbd7b77-5410-42b7-ab39-e35770f07338', 4100.000000),
('3e923797-0d3e-40bd-adb7-7e693a6de21d', '6202d22e-481f-4704-9802-c2e9119f5be7', '780a1a80-6439-48ba-8463-56fe2d021610', 6.000000),
('3ebaccd1-9c91-4aac-9266-a8e6a66810a7', 'de291659-a1e3-4a03-b554-e05346887b01', '780a1a80-6439-48ba-8463-56fe2d021610', 12.000000),
('40a8c7c6-2694-4dc1-bf7e-64ef4575c9a7', '6202d22e-481f-4704-9802-c2e9119f5be7', 'c7910a27-870b-4d6a-a591-53b3aed24315', 6.700000),
('416f44d9-c2a3-468a-b99b-573d8657bcc8', '09b04d31-537e-419a-b9d7-34ea995a88dd', 'c7910a27-870b-4d6a-a591-53b3aed24315', 6.700000),
('429ea013-22fb-42c3-ab85-ef75cbb8e783', '02f60542-21a2-4feb-8e17-31c1a84db85e', 'abbd7b77-5410-42b7-ab39-e35770f07338', 6000.000000),
('42a2599b-9c7d-4ef9-9347-a75933dfda39', 'f671ea7b-2ae2-4ec7-a4e4-da4de2b75a45', '8b0da664-9b9a-4dd7-97b6-c2d6842003a5', 186.000000),
('42dcfab3-1796-4232-97e9-2e87233209e6', '2cf89ff0-ca09-4275-84b8-0f2e6623c3de', '247b464e-d3d0-434c-8c22-9b90ca9af945', 50.000000),
('4308c961-3570-4308-93ac-96bd4a76268e', 'b66bf7c7-cc91-471e-9c8a-ceb1cb0279fc', 'c7910a27-870b-4d6a-a591-53b3aed24315', 6.100000),
('4387b507-7ed3-486a-bd4b-24eb170269e2', '51afbf74-f107-4e1f-9c75-a5351627ae46', '247b464e-d3d0-434c-8c22-9b90ca9af945', 48.000000),
('461b1e57-4116-4710-9fab-a91dc2ba0abc', 'cf6edfaf-ab99-4990-b857-d8c7a2c0c012', 'abbd7b77-5410-42b7-ab39-e35770f07338', 4400.000000),
('4770cca5-4d1d-4f03-ac51-115be4365b10', 'bdc7b4d6-5a3c-4a74-8ca3-522e24369173', 'abbd7b77-5410-42b7-ab39-e35770f07338', 6000.000000),
('4796d582-ebed-431e-8bee-d675b64da217', 'e3c86d0c-0790-41b0-882c-a1348d7d35e2', '780a1a80-6439-48ba-8463-56fe2d021610', 12.000000),
('4829e398-3ed8-485c-b565-470bc496015a', 'fd4c8542-9b5c-46ed-9a12-56778ade7165', '780a1a80-6439-48ba-8463-56fe2d021610', 12.000000),
('48b7cf2e-c584-4da0-b92b-5c7be674ef9d', '2b1c2319-a527-4e3d-945a-1b3caa8a1bca', '55068076-ceb7-4f3e-b5a3-8e15624bfcd0', 7660507.000000),
('48ecbbae-b390-43e4-a13f-fb78fa82cddf', '8e297100-2ed9-4188-924d-e3b2c7b949ef', '780a1a80-6439-48ba-8463-56fe2d021610', 12.000000),
('491c0c32-741b-4522-b8c6-aec575a01367', '6711f9bb-93a4-403b-9e1c-f235e013baa2', '55068076-ceb7-4f3e-b5a3-8e15624bfcd0', 16676307.000000),
('4924d988-1685-4720-baf7-08f16db210ca', '03e62763-1a64-4c2e-812e-8258099475cd', 'c7910a27-870b-4d6a-a591-53b3aed24315', 6.310000),
('49fe0452-2011-4fa8-8675-576d61e4d91f', '330b84c3-7b1e-4271-9487-f5f7090a2059', '780a1a80-6439-48ba-8463-56fe2d021610', 16.000000),
('4b1213db-d85f-4090-991c-8e797570a7a3', 'efe83b3e-c3c3-42de-b03f-87eb60fc3cc3', 'abbd7b77-5410-42b7-ab39-e35770f07338', 4400.000000),
('4c13b536-b222-4850-8532-a32404320267', '8e297100-2ed9-4188-924d-e3b2c7b949ef', 'abbd7b77-5410-42b7-ab39-e35770f07338', 4500.000000),
('4c50903e-d6a1-4467-b6ad-606756c499ca', '6711f9bb-93a4-403b-9e1c-f235e013baa2', '247b464e-d3d0-434c-8c22-9b90ca9af945', 50.000000),
('4c66e9af-f882-4f82-8bbf-9f525bc2132d', 'f277736e-f1f1-4563-9b0a-2f7cc06e3c4a', 'abbd7b77-5410-42b7-ab39-e35770f07338', 6000.000000),
('4ca583a9-2a1f-4b02-8700-c6a69ed33102', 'c7750174-0956-454c-a32a-a42dc34031e6', '8b0da664-9b9a-4dd7-97b6-c2d6842003a5', 239.000000),
('4caa1cfc-5947-466f-bf88-72d960610777', 'b7d5d2cc-e7ef-4146-b09d-ba8416a39bc6', '780a1a80-6439-48ba-8463-56fe2d021610', 6.000000),
('4ea3d92c-65ac-4a1a-8361-55a6166b03c2', '04517922-663d-4d99-99b6-8b71f4089988', '780a1a80-6439-48ba-8463-56fe2d021610', 6.000000),
('4ee68a78-b64f-4552-a605-a72ab705eadb', '6772fbd7-50c4-4247-bb35-f3896c834bb2', '247b464e-d3d0-434c-8c22-9b90ca9af945', 50.000000),
('4f4ae531-2b4c-4b9c-be96-844d270d1062', 'cf6edfaf-ab99-4990-b857-d8c7a2c0c012', '247b464e-d3d0-434c-8c22-9b90ca9af945', 50.000000),
('5116df5f-bf51-48a2-a9b1-656660c6784d', 'f671ea7b-2ae2-4ec7-a4e4-da4de2b75a45', '55068076-ceb7-4f3e-b5a3-8e15624bfcd0', 6800507.000000),
('520fea11-d474-4a2e-89f4-a029c47c3751', '4a44db45-f413-4fb3-9d5f-dfc2ccbb8d7f', '247b464e-d3d0-434c-8c22-9b90ca9af945', 48.000000),
('52162cb6-40cb-49e7-bf19-a7af48a40f64', '2b1c2319-a527-4e3d-945a-1b3caa8a1bca', '780a1a80-6439-48ba-8463-56fe2d021610', 4.000000),
('52a1eb70-9f1a-4ae7-9ae4-cb107aa9dffe', '04517922-663d-4d99-99b6-8b71f4089988', 'c7910a27-870b-4d6a-a591-53b3aed24315', 6.700000),
('539a1747-e45d-4cfe-90f0-fe6fb8e707af', '89fbfd7c-47f8-4895-9e9d-62eac6195e35', 'c7910a27-870b-4d6a-a591-53b3aed24315', 6.100000),
('53d6fb70-e536-4b94-9c88-51707feb6b95', 'e61bddf1-a9b0-4419-9f45-a069f696b91d', '780a1a80-6439-48ba-8463-56fe2d021610', 6.000000),
('5456b12b-740a-4c64-adbd-63f618c19e1b', '1d692b63-76a3-4f78-bc59-328254e32401', '55068076-ceb7-4f3e-b5a3-8e15624bfcd0', 15007007.000000),
('5508e4ea-0c96-4aca-8687-138a2696a315', '4a44db45-f413-4fb3-9d5f-dfc2ccbb8d7f', '780a1a80-6439-48ba-8463-56fe2d021610', 8.000000),
('552a22a1-b64c-430c-b8ca-6606337f9ccc', 'aebc39e9-9f06-464e-ae75-dd8020502004', '247b464e-d3d0-434c-8c22-9b90ca9af945', 50.000000),
('55de3c26-a7f7-41b2-8314-3e0c92060266', 'c9b3100f-2592-4ba2-952a-cf79a013141a', 'c7910a27-870b-4d6a-a591-53b3aed24315', 7.920000),
('56339594-ce1a-48be-98d5-da4a0b512cc9', '4a44db45-f413-4fb3-9d5f-dfc2ccbb8d7f', '55068076-ceb7-4f3e-b5a3-8e15624bfcd0', 20014907.000000),
('56cd85bf-6a7b-490f-ab7d-c8e8defe927f', 'aebc39e9-9f06-464e-ae75-dd8020502004', '780a1a80-6439-48ba-8463-56fe2d021610', 12.000000),
('5806cd3d-512f-446c-89f6-bd5c6fd0e26a', '94bd5ef4-315e-4a3a-b227-60b1ecb47767', 'abbd7b77-5410-42b7-ab39-e35770f07338', 4900.000000),
('594f7ef4-2e39-48d5-af41-13741daae303', '1e80dd6e-b637-46f5-9872-c90168cfa1b8', '247b464e-d3d0-434c-8c22-9b90ca9af945', 200.000000),
('597c5c44-661d-48da-971d-5d88363499ee', 'bdc7b4d6-5a3c-4a74-8ca3-522e24369173', '247b464e-d3d0-434c-8c22-9b90ca9af945', 200.000000),
('5a2b2703-3250-454b-816e-b7f8003453c8', '6772fbd7-50c4-4247-bb35-f3896c834bb2', 'c7910a27-870b-4d6a-a591-53b3aed24315', 6.700000),
('5a3d74d1-0a31-4203-a61e-720a15118fe7', 'e3c86d0c-0790-41b0-882c-a1348d7d35e2', '55068076-ceb7-4f3e-b5a3-8e15624bfcd0', 18345607.000000),
('5a573574-ecff-475c-b1ff-ef280e028130', '32a1763f-7853-41e8-9910-87cd249af305', '55068076-ceb7-4f3e-b5a3-8e15624bfcd0', 21684207.000000),
('5aec618b-2b75-40f7-9634-be220d7bb003', 'c7750174-0956-454c-a32a-a42dc34031e6', 'c7910a27-870b-4d6a-a591-53b3aed24315', 7.600000),
('5b5e1d02-308b-4f90-930d-e46617cd21b0', '51afbf74-f107-4e1f-9c75-a5351627ae46', 'c7910a27-870b-4d6a-a591-53b3aed24315', 6.100000),
('5b9f94d9-de59-486e-96ef-d233223a4d80', 'd16567f4-d295-4786-9f6d-38cb49dc44ba', 'c7910a27-870b-4d6a-a591-53b3aed24315', 6.600000),
('5df49262-f74a-4999-b9fd-8b644d391826', 'de291659-a1e3-4a03-b554-e05346887b01', 'c7910a27-870b-4d6a-a591-53b3aed24315', 7.920000),
('5ff6329c-a020-4153-8e46-9a4f22734233', 'aebc39e9-9f06-464e-ae75-dd8020502004', 'c7910a27-870b-4d6a-a591-53b3aed24315', 7.600000),
('616cb237-8e1f-4926-8b10-8b5e38f69a59', '096f5ac6-3dea-47ea-989d-de537e90d108', '247b464e-d3d0-434c-8c22-9b90ca9af945', 48.000000),
('6173b723-4554-4a86-a208-c69399b6f1d9', '3a6bd5e7-bd42-46f3-a969-db4b9a42a9e5', '780a1a80-6439-48ba-8463-56fe2d021610', 12.000000),
('61b663d0-1ab1-48be-9069-6bebb92ca48c', '04517922-663d-4d99-99b6-8b71f4089988', '247b464e-d3d0-434c-8c22-9b90ca9af945', 48.000000),
('62107f5d-13a9-47d4-8d8b-ca3719276074', '2cf89ff0-ca09-4275-84b8-0f2e6623c3de', '55068076-ceb7-4f3e-b5a3-8e15624bfcd0', 17510957.000000),
('6358c674-7d67-4f9a-947a-da4ae9095346', '2b1c2319-a527-4e3d-945a-1b3caa8a1bca', 'c7910a27-870b-4d6a-a591-53b3aed24315', 6.700000),
('63ced975-f6e5-46b3-ae0c-a1da99180590', '1e80dd6e-b637-46f5-9872-c90168cfa1b8', 'abbd7b77-5410-42b7-ab39-e35770f07338', 5000.000000),
('64cd8e62-f54b-4cf5-9335-5d2ad6ba3939', 'fd4c8542-9b5c-46ed-9a12-56778ade7165', '247b464e-d3d0-434c-8c22-9b90ca9af945', 50.000000),
('6529b49d-458c-4960-8c36-f058288ec61e', 'b66bf7c7-cc91-471e-9c8a-ceb1cb0279fc', '780a1a80-6439-48ba-8463-56fe2d021610', 6.000000),
('65fe82b2-3b2f-484e-9dba-547d3ce08d54', 'f671ea7b-2ae2-4ec7-a4e4-da4de2b75a45', '780a1a80-6439-48ba-8463-56fe2d021610', 4.000000),
('6744e54f-4bcc-4647-aa8c-aa3a5cdbd237', '04517922-663d-4d99-99b6-8b71f4089988', 'abbd7b77-5410-42b7-ab39-e35770f07338', 4500.000000),
('67671ff1-6b65-4d26-b3c0-6e2737304e45', '4a44db45-f413-4fb3-9d5f-dfc2ccbb8d7f', '8b0da664-9b9a-4dd7-97b6-c2d6842003a5', 221.000000),
('68554389-8d25-4788-be33-a16cedf9b231', '94bd5ef4-315e-4a3a-b227-60b1ecb47767', 'c7910a27-870b-4d6a-a591-53b3aed24315', 6.800000),
('69023d1c-3a68-466e-a6b6-b3cff8a61925', 'fd4c8542-9b5c-46ed-9a12-56778ade7165', 'c7910a27-870b-4d6a-a591-53b3aed24315', 6.700000),
('6a68c474-a078-4687-b577-1772cddfe389', '6711f9bb-93a4-403b-9e1c-f235e013baa2', '8b0da664-9b9a-4dd7-97b6-c2d6842003a5', 220.000000),
('6aaa7cc8-27b8-404d-8c99-8ac582632837', 'e5541737-7e91-49de-b498-39af89314fd8', '8b0da664-9b9a-4dd7-97b6-c2d6842003a5', 190.000000),
('6bb7739d-e5b5-49ca-96cc-83c0ead73845', '096f5ac6-3dea-47ea-989d-de537e90d108', 'abbd7b77-5410-42b7-ab39-e35770f07338', 4200.000000),
('6c01977e-c732-4204-aefa-37a7e607fe11', 'f277736e-f1f1-4563-9b0a-2f7cc06e3c4a', '8b0da664-9b9a-4dd7-97b6-c2d6842003a5', 223.000000),
('6cb9ef63-715f-46bc-a618-6201eaaeb432', 'b7d5d2cc-e7ef-4146-b09d-ba8416a39bc6', '8b0da664-9b9a-4dd7-97b6-c2d6842003a5', 174.000000),
('6e78de78-18fb-4477-8010-75a5bc19cbeb', '430e955b-6dd5-4cea-841f-cee945502072', 'abbd7b77-5410-42b7-ab39-e35770f07338', 5000.000000),
('6ec797ac-b4de-4964-90bf-46bd51ec69ec', '330b84c3-7b1e-4271-9487-f5f7090a2059', '55068076-ceb7-4f3e-b5a3-8e15624bfcd0', 21684207.000000),
('707d7dea-90d7-4490-bcfb-0d365798920b', '430e955b-6dd5-4cea-841f-cee945502072', '247b464e-d3d0-434c-8c22-9b90ca9af945', 50.000000),
('718cf2c1-733c-4163-ac14-a0a944566ccb', 'cb91e5b6-e165-4ae9-bf4b-32c25c937b60', '8b0da664-9b9a-4dd7-97b6-c2d6842003a5', 189.000000),
('720d9d9e-b734-42cb-a072-33532a27caea', '379203bf-dbe9-4019-9a81-df2498295450', 'c7910a27-870b-4d6a-a591-53b3aed24315', 6.780000),
('72b337ec-cbd5-4bc4-8a39-8aad85462886', '50859cf3-de9a-4dcc-bf31-8822934f8bd9', '247b464e-d3d0-434c-8c22-9b90ca9af945', 50.000000),
('737f5fcc-7148-4cbf-9bfa-b003dbbb54ef', 'e61bddf1-a9b0-4419-9f45-a069f696b91d', 'c7910a27-870b-4d6a-a591-53b3aed24315', 6.700000),
('747ea70d-032b-4843-bf75-76aeaf126afa', 'b66bf7c7-cc91-471e-9c8a-ceb1cb0279fc', 'abbd7b77-5410-42b7-ab39-e35770f07338', 3600.000000),
('74e5c3a0-9cea-48ee-a212-ba8485f56082', '04517922-663d-4d99-99b6-8b71f4089988', '8b0da664-9b9a-4dd7-97b6-c2d6842003a5', 221.000000),
('76265b32-0fca-4bf9-87cc-3867cd37f940', '330b84c3-7b1e-4271-9487-f5f7090a2059', 'c7910a27-870b-4d6a-a591-53b3aed24315', 6.800000),
('782a5384-04a0-47b5-9a9b-38d7e6b5b395', 'cb91e5b6-e165-4ae9-bf4b-32c25c937b60', '55068076-ceb7-4f3e-b5a3-8e15624bfcd0', 9999107.000000),
('783129cf-f475-49b2-af96-b00e1e430093', '08a17a66-5142-4621-9027-9282143ab8c0', '247b464e-d3d0-434c-8c22-9b90ca9af945', 50.000000),
('78a9b409-f8e6-4eeb-b5b6-75d9c1ee4961', '02f60542-21a2-4feb-8e17-31c1a84db85e', 'c7910a27-870b-4d6a-a591-53b3aed24315', 6.780000),
('78c67e5b-9bc0-4214-8cba-c5d70bcf584b', '1e80dd6e-b637-46f5-9872-c90168cfa1b8', '55068076-ceb7-4f3e-b5a3-8e15624bfcd0', 20014907.000000),
('7a0a9816-7662-4bec-9e36-87ad07b2ab2c', 'efe83b3e-c3c3-42de-b03f-87eb60fc3cc3', 'c7910a27-870b-4d6a-a591-53b3aed24315', 6.100000),
('7abd42d3-017c-4be5-ae13-06df2c9078d7', 'bdc7b4d6-5a3c-4a74-8ca3-522e24369173', '8b0da664-9b9a-4dd7-97b6-c2d6842003a5', 223.000000),
('7bd339f0-09f0-41a7-a4ce-677b87d1582a', 'f277736e-f1f1-4563-9b0a-2f7cc06e3c4a', 'c7910a27-870b-4d6a-a591-53b3aed24315', 6.780000),
('7db7fcf0-61b5-4d40-a68a-5489cc93e98f', '096f5ac6-3dea-47ea-989d-de537e90d108', '8b0da664-9b9a-4dd7-97b6-c2d6842003a5', 203.000000),
('7e90c173-8643-4470-b543-84c06ed050a5', '3a6bd5e7-bd42-46f3-a969-db4b9a42a9e5', '247b464e-d3d0-434c-8c22-9b90ca9af945', 50.000000),
('7fcd7643-0512-4b5b-8331-b5f6201ba357', '2050bd5b-cfce-423f-9b55-f8ce82981f11', '247b464e-d3d0-434c-8c22-9b90ca9af945', 200.000000),
('7fe0b7c3-d678-42e9-9cf8-1fa8257b8bbd', 'd579dd58-d91d-4052-a0b5-c7576cc6c95e', 'c7910a27-870b-4d6a-a591-53b3aed24315', 6.700000),
('81e4d84e-335d-40d6-b732-84e349e2d99d', 'e5541737-7e91-49de-b498-39af89314fd8', '247b464e-d3d0-434c-8c22-9b90ca9af945', 64.000000),
('82a8a6cb-551e-421f-b267-e1edfb2d6fe2', 'aebc39e9-9f06-464e-ae75-dd8020502004', '8b0da664-9b9a-4dd7-97b6-c2d6842003a5', 239.000000),
('83e141a6-2ee4-4ad9-b5af-c20693ca4a05', '94bd5ef4-315e-4a3a-b227-60b1ecb47767', '8b0da664-9b9a-4dd7-97b6-c2d6842003a5', 220.000000),
('85575249-4780-4d77-8bf0-31098fd41a18', 'bdc7b4d6-5a3c-4a74-8ca3-522e24369173', '55068076-ceb7-4f3e-b5a3-8e15624bfcd0', 21684207.000000),
('858f40b0-f675-47af-9492-8b9dd05b1b85', 'd99b499f-400b-41a4-811b-a621486aa2ee', '247b464e-d3d0-434c-8c22-9b90ca9af945', 64.000000),
('8612c55f-d864-4233-b194-49cc244d9adf', '32a1763f-7853-41e8-9910-87cd249af305', '780a1a80-6439-48ba-8463-56fe2d021610', 8.000000),
('862ef8d3-2a03-4b6d-9477-5e46a39f6f3f', '02f60542-21a2-4feb-8e17-31c1a84db85e', '247b464e-d3d0-434c-8c22-9b90ca9af945', 50.000000),
('88522188-9bee-461e-9cbe-47f5728a22f4', '3a6bd5e7-bd42-46f3-a969-db4b9a42a9e5', '8b0da664-9b9a-4dd7-97b6-c2d6842003a5', 241.000000),
('8882e20e-9db4-4b95-8cd0-5f8bad738327', '1d692b63-76a3-4f78-bc59-328254e32401', '780a1a80-6439-48ba-8463-56fe2d021610', 8.000000),
('88cd77dd-d408-4763-aa99-26f9158588aa', '379203bf-dbe9-4019-9a81-df2498295450', '8b0da664-9b9a-4dd7-97b6-c2d6842003a5', 210.000000),
('89281f43-16e7-4076-aedd-fe67f9b93aa6', '32a1763f-7853-41e8-9910-87cd249af305', '8b0da664-9b9a-4dd7-97b6-c2d6842003a5', 221.000000),
('89359686-41cd-4301-919d-69bae783c7c9', '3a6bd5e7-bd42-46f3-a969-db4b9a42a9e5', 'c7910a27-870b-4d6a-a591-53b3aed24315', 7.930000),
('89dadce2-f101-43d5-9e12-511c3edc818d', 'b7d5d2cc-e7ef-4146-b09d-ba8416a39bc6', 'abbd7b77-5410-42b7-ab39-e35770f07338', 3600.000000),
('89f5362e-78e2-4f33-9672-2094233825e6', 'd16567f4-d295-4786-9f6d-38cb49dc44ba', 'abbd7b77-5410-42b7-ab39-e35770f07338', 4800.000000),
('8a06c111-ff45-4d14-a4d5-d2d5f11a8970', '2050bd5b-cfce-423f-9b55-f8ce82981f11', 'abbd7b77-5410-42b7-ab39-e35770f07338', 6000.000000),
('8cdbcb77-4bb3-4c3c-8b9d-948608afd73b', '430e955b-6dd5-4cea-841f-cee945502072', '55068076-ceb7-4f3e-b5a3-8e15624bfcd0', 5825857.000000),
('8d0f8e30-3366-4e15-97a4-35c578a34c37', '2cf89ff0-ca09-4275-84b8-0f2e6623c3de', '8b0da664-9b9a-4dd7-97b6-c2d6842003a5', 206.000000),
('8e2bc88e-3197-499d-9b1c-0a33e38e8579', 'e3c86d0c-0790-41b0-882c-a1348d7d35e2', 'c7910a27-870b-4d6a-a591-53b3aed24315', 6.800000),
('8e35bdd7-67a9-4adb-8e3d-861290af88be', '754943fd-98da-4130-a5bd-78d90ce840ca', 'abbd7b77-5410-42b7-ab39-e35770f07338', 5100.000000),
('8fbddaf9-d26b-4df4-8f75-1a488672b95c', '330b84c3-7b1e-4271-9487-f5f7090a2059', 'abbd7b77-5410-42b7-ab39-e35770f07338', 5200.000000),
('926337a6-034d-4a55-85dc-8587b954257e', 'c9b3100f-2592-4ba2-952a-cf79a013141a', '780a1a80-6439-48ba-8463-56fe2d021610', 12.000000),
('9332432f-58c1-4eba-b68f-f0aba8ce197f', '03e62763-1a64-4c2e-812e-8258099475cd', '780a1a80-6439-48ba-8463-56fe2d021610', 16.000000),
('939d4800-1fee-4dba-8bda-66e364370fa8', '94bd5ef4-315e-4a3a-b227-60b1ecb47767', '780a1a80-6439-48ba-8463-56fe2d021610', 12.000000),
('93ceec12-3e08-4bff-ad2c-730ac1bcb800', '1e80dd6e-b637-46f5-9872-c90168cfa1b8', '780a1a80-6439-48ba-8463-56fe2d021610', 12.000000),
('940a146c-3a29-486a-a01d-0044562bb488', '9338fc97-aeb5-42f5-a6c5-9e18b31f9ace', 'c7910a27-870b-4d6a-a591-53b3aed24315', 6.670000),
('94158bef-236d-4029-8a85-59cb5538687c', 'c9b3100f-2592-4ba2-952a-cf79a013141a', '55068076-ceb7-4f3e-b5a3-8e15624bfcd0', 46723707.000000),
('94564be8-e77e-48a0-a115-202b1765fba8', 'c9b3100f-2592-4ba2-952a-cf79a013141a', '8b0da664-9b9a-4dd7-97b6-c2d6842003a5', 245.000000),
('945eeb58-9ad4-45fb-b5ac-334267c918e0', 'fccc6ef8-63f0-4f9b-99ec-ca994a7b092d', '8b0da664-9b9a-4dd7-97b6-c2d6842003a5', 196.000000),
('94940747-7f1d-4fb3-aade-598baa018685', 'b66bf7c7-cc91-471e-9c8a-ceb1cb0279fc', '8b0da664-9b9a-4dd7-97b6-c2d6842003a5', 174.000000),
('9567f89e-fa22-4ac2-89f9-f89bd845d484', 'c9b3100f-2592-4ba2-952a-cf79a013141a', '247b464e-d3d0-434c-8c22-9b90ca9af945', 50.000000),
('97c9efae-d65e-4eb1-b3fd-7bd37bef892f', '32a1763f-7853-41e8-9910-87cd249af305', '247b464e-d3d0-434c-8c22-9b90ca9af945', 48.000000),
('9858a8ed-e051-48be-8997-0f22971d2e2f', '02f60542-21a2-4feb-8e17-31c1a84db85e', '55068076-ceb7-4f3e-b5a3-8e15624bfcd0', 16676307.000000),
('991011c1-01db-487d-ae98-0eedaadf0592', '2b1c2319-a527-4e3d-945a-1b3caa8a1bca', '247b464e-d3d0-434c-8c22-9b90ca9af945', 50.000000),
('9b6ed126-1972-405e-b6c0-f148e9cb88b2', 'b66bf7c7-cc91-471e-9c8a-ceb1cb0279fc', '247b464e-d3d0-434c-8c22-9b90ca9af945', 48.000000),
('9bf7e878-2cf8-47de-a8f3-a3c8fd03d6fa', 'de291659-a1e3-4a03-b554-e05346887b01', 'abbd7b77-5410-42b7-ab39-e35770f07338', 5000.000000),
('9c3824db-06c1-4b29-8816-c7122d4341cb', '82ac4c90-64dc-4c76-a30c-9a1a1a612aa0', 'c7910a27-870b-4d6a-a591-53b3aed24315', 6.380000),
('9cbdf674-0afe-460c-8ed4-e07def8be799', '754943fd-98da-4130-a5bd-78d90ce840ca', '55068076-ceb7-4f3e-b5a3-8e15624bfcd0', 3822697.000000),
('9cdacaed-79b9-47df-816e-00295db68c8f', 'e61bddf1-a9b0-4419-9f45-a069f696b91d', '8b0da664-9b9a-4dd7-97b6-c2d6842003a5', 203.000000),
('9ceb11a1-a8f1-4fe6-b8e6-09d3314dc782', '9338fc97-aeb5-42f5-a6c5-9e18b31f9ace', '780a1a80-6439-48ba-8463-56fe2d021610', 4.000000),
('9d4e0a4a-afeb-4c60-8bb5-bedffd85864d', '32a1763f-7853-41e8-9910-87cd249af305', 'abbd7b77-5410-42b7-ab39-e35770f07338', 4500.000000),
('9d6d507e-12ca-48a1-8f4b-fd0ea6da8009', 'd579dd58-d91d-4052-a0b5-c7576cc6c95e', 'abbd7b77-5410-42b7-ab39-e35770f07338', 6400.000000),
('a1bda817-f32a-4eae-84da-9b32978c51ca', 'd579dd58-d91d-4052-a0b5-c7576cc6c95e', '780a1a80-6439-48ba-8463-56fe2d021610', 8.000000),
('a1c9202c-b289-49a0-afc1-ee2006977e19', 'b66bf7c7-cc91-471e-9c8a-ceb1cb0279fc', '55068076-ceb7-4f3e-b5a3-8e15624bfcd0', 13337707.000000),
('a296c5dc-05bd-4266-8ed1-d1049b644fc8', '08a17a66-5142-4621-9027-9282143ab8c0', '55068076-ceb7-4f3e-b5a3-8e15624bfcd0', 18345607.000000),
('a3b4e884-abea-4b94-9c79-b4e5e8b2f806', '096f5ac6-3dea-47ea-989d-de537e90d108', 'c7910a27-870b-4d6a-a591-53b3aed24315', 6.700000),
('a40ccf89-3949-4978-b7f5-8870cf2ee131', '9338fc97-aeb5-42f5-a6c5-9e18b31f9ace', 'abbd7b77-5410-42b7-ab39-e35770f07338', 5100.000000),
('a4fee60f-997b-4070-8be2-0ebbfc0e869c', '2cf89ff0-ca09-4275-84b8-0f2e6623c3de', 'abbd7b77-5410-42b7-ab39-e35770f07338', 4400.000000),
('a6324e1c-a1ca-4d82-b186-e4e864dd1d12', 'f671ea7b-2ae2-4ec7-a4e4-da4de2b75a45', 'abbd7b77-5410-42b7-ab39-e35770f07338', 5000.000000),
('a686d61a-2848-4e9f-9f7b-dc47093334fb', '8e297100-2ed9-4188-924d-e3b2c7b949ef', '8b0da664-9b9a-4dd7-97b6-c2d6842003a5', 192.000000),
('a6e9e00e-c1c5-4814-98d0-9b2a16cf9cca', '948be192-2ef0-4bb4-9559-d85517903454', '55068076-ceb7-4f3e-b5a3-8e15624bfcd0', 21684207.000000),
('a7fa6a11-23df-4cc6-9414-1a7bb0bdd587', '1d692b63-76a3-4f78-bc59-328254e32401', '247b464e-d3d0-434c-8c22-9b90ca9af945', 50.000000),
('a833ac1f-d509-4bbc-a047-db828135778b', '82ac4c90-64dc-4c76-a30c-9a1a1a612aa0', 'abbd7b77-5410-42b7-ab39-e35770f07338', 4500.000000),
('a88a40cf-40dd-488c-9ae7-cc2acebe0362', '2b1c2319-a527-4e3d-945a-1b3caa8a1bca', '8b0da664-9b9a-4dd7-97b6-c2d6842003a5', 186.000000),
('a9314051-04d0-4a3b-adbb-25415852f227', 'd99b499f-400b-41a4-811b-a621486aa2ee', '780a1a80-6439-48ba-8463-56fe2d021610', 8.000000),
('a99343e6-3f9d-475c-a0da-3aff642afacb', 'cf6edfaf-ab99-4990-b857-d8c7a2c0c012', '780a1a80-6439-48ba-8463-56fe2d021610', 12.000000),
('a9ec3a85-1a96-4b33-a6a2-92869965138f', 'b7d5d2cc-e7ef-4146-b09d-ba8416a39bc6', 'c7910a27-870b-4d6a-a591-53b3aed24315', 6.100000),
('aa200e83-cb04-40a2-a4a4-e378881b118d', '82ac4c90-64dc-4c76-a30c-9a1a1a612aa0', '780a1a80-6439-48ba-8463-56fe2d021610', 8.000000),
('aaa3f415-c588-43db-94b7-a88c30febf62', '6772fbd7-50c4-4247-bb35-f3896c834bb2', '55068076-ceb7-4f3e-b5a3-8e15624bfcd0', 13337707.000000),
('ab836679-3c9b-4239-be16-78b1b2f6e335', '6711f9bb-93a4-403b-9e1c-f235e013baa2', 'abbd7b77-5410-42b7-ab39-e35770f07338', 5000.000000),
('adeddb0d-01fa-411a-8613-7572d45ec0ae', 'cb91e5b6-e165-4ae9-bf4b-32c25c937b60', '780a1a80-6439-48ba-8463-56fe2d021610', 12.000000),
('af7bcd08-e6a2-4b21-b5b7-79ce2379ae78', 'e3c86d0c-0790-41b0-882c-a1348d7d35e2', '247b464e-d3d0-434c-8c22-9b90ca9af945', 50.000000),
('b03a4149-85a4-4f8f-81b9-4eeba6aca210', 'b7d5d2cc-e7ef-4146-b09d-ba8416a39bc6', '55068076-ceb7-4f3e-b5a3-8e15624bfcd0', 15007007.000000),
('b055a425-3766-432c-8ee6-f7c958405f71', 'c9b3100f-2592-4ba2-952a-cf79a013141a', 'abbd7b77-5410-42b7-ab39-e35770f07338', 5000.000000),
('b0862a74-6efe-49e5-9124-aa8056ea1a02', '2b1c2319-a527-4e3d-945a-1b3caa8a1bca', 'abbd7b77-5410-42b7-ab39-e35770f07338', 5000.000000),
('b15a1fb9-aa4a-4461-b158-689b7f7722de', 'cf6edfaf-ab99-4990-b857-d8c7a2c0c012', 'c7910a27-870b-4d6a-a591-53b3aed24315', 7.600000),
('b1c5fff7-e3a8-4cad-9024-68f155618523', 'e5541737-7e91-49de-b498-39af89314fd8', '55068076-ceb7-4f3e-b5a3-8e15624bfcd0', 6660507.000000),
('b2f77166-d61b-46ed-b3cf-dca0373a6999', '02f60542-21a2-4feb-8e17-31c1a84db85e', '8b0da664-9b9a-4dd7-97b6-c2d6842003a5', 223.000000),
('b3cff506-fe0f-45ec-8af3-e37f67027bb7', 'f277736e-f1f1-4563-9b0a-2f7cc06e3c4a', '780a1a80-6439-48ba-8463-56fe2d021610', 12.000000),
('b47627ea-e145-4cad-b97f-9eb33c3c4fd4', '8e297100-2ed9-4188-924d-e3b2c7b949ef', '247b464e-d3d0-434c-8c22-9b90ca9af945', 64.000000),
('b60145ba-a111-475b-9018-407a5b957925', 'fccc6ef8-63f0-4f9b-99ec-ca994a7b092d', '55068076-ceb7-4f3e-b5a3-8e15624bfcd0', 15007007.000000),
('b673b005-fe2c-49a2-8624-48b2cea5236b', '03e62763-1a64-4c2e-812e-8258099475cd', '8b0da664-9b9a-4dd7-97b6-c2d6842003a5', 187.000000),
('b6790470-29bd-4231-b429-620cab840819', 'f671ea7b-2ae2-4ec7-a4e4-da4de2b75a45', '247b464e-d3d0-434c-8c22-9b90ca9af945', 50.000000),
('b67abfa7-d0d0-4923-be60-8828ea88c536', 'd579dd58-d91d-4052-a0b5-c7576cc6c95e', '55068076-ceb7-4f3e-b5a3-8e15624bfcd0', 11668407.000000),
('b68fe635-083b-4190-ba30-7698fb6817a3', 'c7750174-0956-454c-a32a-a42dc34031e6', '55068076-ceb7-4f3e-b5a3-8e15624bfcd0', 28695267.000000),
('b6aa19e3-0476-4d8b-817b-37c148222290', '6711f9bb-93a4-403b-9e1c-f235e013baa2', 'c7910a27-870b-4d6a-a591-53b3aed24315', 6.800000),
('b77a7689-6c28-49d3-9cd4-b413e91fb5df', '948be192-2ef0-4bb4-9559-d85517903454', 'abbd7b77-5410-42b7-ab39-e35770f07338', 5000.000000),
('b8254406-b6d4-4208-a509-2c21a26a9c24', 'c7750174-0956-454c-a32a-a42dc34031e6', '247b464e-d3d0-434c-8c22-9b90ca9af945', 50.000000),
('b8f51916-ca50-4553-8b36-a6c17c09b4dc', '948be192-2ef0-4bb4-9559-d85517903454', '8b0da664-9b9a-4dd7-97b6-c2d6842003a5', 234.000000),
('b92bd0ce-1ee5-4cea-b52b-1942af012adf', '1d692b63-76a3-4f78-bc59-328254e32401', 'c7910a27-870b-4d6a-a591-53b3aed24315', 6.100000),
('bc64f90d-df1f-449d-83c2-979a32b05ed0', 'd99b499f-400b-41a4-811b-a621486aa2ee', '55068076-ceb7-4f3e-b5a3-8e15624bfcd0', 7495157.000000),
('bc73a909-c75b-426b-8f05-395511adaf7d', '430e955b-6dd5-4cea-841f-cee945502072', '780a1a80-6439-48ba-8463-56fe2d021610', 8.000000),
('bcbd2321-cf87-4246-a604-e05cd7a55c6b', '2cf89ff0-ca09-4275-84b8-0f2e6623c3de', '780a1a80-6439-48ba-8463-56fe2d021610', 8.000000),
('bd369a4f-6aed-4db3-9fdc-db16afa5daed', '89fbfd7c-47f8-4895-9e9d-62eac6195e35', '8b0da664-9b9a-4dd7-97b6-c2d6842003a5', 168.000000),
('bec0ba2e-975b-4bca-8b8b-8d149da08f1a', '2050bd5b-cfce-423f-9b55-f8ce82981f11', 'c7910a27-870b-4d6a-a591-53b3aed24315', 6.780000),
('bf566388-e76b-410d-88c0-08a87da789ee', '1d692b63-76a3-4f78-bc59-328254e32401', '8b0da664-9b9a-4dd7-97b6-c2d6842003a5', 168.000000),
('c128e4fd-8418-47d0-97ca-0fb8527fa01e', 'fccc6ef8-63f0-4f9b-99ec-ca994a7b092d', 'c7910a27-870b-4d6a-a591-53b3aed24315', 6.600000),
('c1cd4347-9dcb-4ef3-ac41-594f9772cb21', 'd16567f4-d295-4786-9f6d-38cb49dc44ba', '780a1a80-6439-48ba-8463-56fe2d021610', 8.000000),
('c1cda715-ad84-4d7a-b6c8-89b925347523', 'f277736e-f1f1-4563-9b0a-2f7cc06e3c4a', '55068076-ceb7-4f3e-b5a3-8e15624bfcd0', 18345607.000000),
('c32c9f6e-e3af-4138-8fc9-07a23df469e0', 'e5541737-7e91-49de-b498-39af89314fd8', 'c7910a27-870b-4d6a-a591-53b3aed24315', 6.580000),
('c50eb683-ba33-4a25-9cb1-559be04714e4', '09b04d31-537e-419a-b9d7-34ea995a88dd', 'abbd7b77-5410-42b7-ab39-e35770f07338', 5000.000000),
('c51aa6e7-bb64-4e6a-88d3-319bcf8952dc', '6772fbd7-50c4-4247-bb35-f3896c834bb2', '8b0da664-9b9a-4dd7-97b6-c2d6842003a5', 192.000000),
('c602d578-8bbf-48c8-99f2-e114eeae81b7', 'efe83b3e-c3c3-42de-b03f-87eb60fc3cc3', '780a1a80-6439-48ba-8463-56fe2d021610', 8.000000),
('ca67df4e-148a-4313-b24a-10325ea3841b', 'd16567f4-d295-4786-9f6d-38cb49dc44ba', '55068076-ceb7-4f3e-b5a3-8e15624bfcd0', 16676307.000000),
('cb5b01a2-5ff0-4b76-8d5b-3a1efdcc7e0a', 'de291659-a1e3-4a03-b554-e05346887b01', '247b464e-d3d0-434c-8c22-9b90ca9af945', 50.000000),
('cbf7423a-8ac0-4510-82b9-5881ea07b941', '2050bd5b-cfce-423f-9b55-f8ce82981f11', '55068076-ceb7-4f3e-b5a3-8e15624bfcd0', 20014907.000000),
('cc7a750d-7ee5-442b-814e-a9f9eb104d66', 'cd055a04-86f1-4603-956d-efda37da55e4', '8b0da664-9b9a-4dd7-97b6-c2d6842003a5', 206.000000),
('cdd0946d-c08d-4ace-abd2-19b39222c80c', '754943fd-98da-4130-a5bd-78d90ce840ca', '780a1a80-6439-48ba-8463-56fe2d021610', 6.000000),
('ce482c99-d9e5-4e41-b972-e780030ec601', 'de291659-a1e3-4a03-b554-e05346887b01', '8b0da664-9b9a-4dd7-97b6-c2d6842003a5', 245.000000),
('ce9bc8c0-f9b3-4ac7-80e6-a6f813701e28', 'e61bddf1-a9b0-4419-9f45-a069f696b91d', '55068076-ceb7-4f3e-b5a3-8e15624bfcd0', 15007007.000000),
('cefd66c2-a696-4ca9-9f98-80c072890ff9', 'efe83b3e-c3c3-42de-b03f-87eb60fc3cc3', '8b0da664-9b9a-4dd7-97b6-c2d6842003a5', 206.000000),
('cf11d7ac-89da-4c6f-97cd-1a397194dee0', 'bdc7b4d6-5a3c-4a74-8ca3-522e24369173', 'c7910a27-870b-4d6a-a591-53b3aed24315', 6.780000),
('cf3e483f-4862-4095-935a-4f798bef3d4f', '51afbf74-f107-4e1f-9c75-a5351627ae46', '8b0da664-9b9a-4dd7-97b6-c2d6842003a5', 170.000000),
('cf5c3448-80db-40f7-8d8b-eff730e9b1d3', '09b04d31-537e-419a-b9d7-34ea995a88dd', '8b0da664-9b9a-4dd7-97b6-c2d6842003a5', 186.000000),
('cf74fec0-136e-40a6-ae8a-c47890d2ccdd', 'cd055a04-86f1-4603-956d-efda37da55e4', '55068076-ceb7-4f3e-b5a3-8e15624bfcd0', 16676307.000000),
('d099a5ec-a3eb-4560-9965-484301909d3c', '379203bf-dbe9-4019-9a81-df2498295450', '55068076-ceb7-4f3e-b5a3-8e15624bfcd0', 11668407.000000),
('d0c21f3b-e491-4a2e-9fb1-8a91bc1ce0fb', '096f5ac6-3dea-47ea-989d-de537e90d108', '780a1a80-6439-48ba-8463-56fe2d021610', 6.000000),
('d109639c-f67d-4ecf-a2db-c2c4ea533447', '9338fc97-aeb5-42f5-a6c5-9e18b31f9ace', '55068076-ceb7-4f3e-b5a3-8e15624bfcd0', 3321907.000000),
('d171580e-3395-435e-91ff-16ad9ce94b4d', '32a1763f-7853-41e8-9910-87cd249af305', 'c7910a27-870b-4d6a-a591-53b3aed24315', 6.700000),
('d44690c4-bf39-4fc3-92b9-7270083dbe66', 'fccc6ef8-63f0-4f9b-99ec-ca994a7b092d', 'abbd7b77-5410-42b7-ab39-e35770f07338', 4800.000000),
('d713c0e7-cad9-4cc0-8995-753add9cd777', '08a17a66-5142-4621-9027-9282143ab8c0', 'c7910a27-870b-4d6a-a591-53b3aed24315', 6.800000),
('d998a1b3-51c3-4acd-8bbf-a131eb693600', '1e80dd6e-b637-46f5-9872-c90168cfa1b8', 'c7910a27-870b-4d6a-a591-53b3aed24315', 6.800000),
('d9e6c7b3-8f8b-4373-8a3f-83daa615e1d4', 'd579dd58-d91d-4052-a0b5-c7576cc6c95e', '247b464e-d3d0-434c-8c22-9b90ca9af945', 50.000000),
('da9d8576-a6d1-4cc2-888e-d6f56b3ca26f', '2050bd5b-cfce-423f-9b55-f8ce82981f11', '8b0da664-9b9a-4dd7-97b6-c2d6842003a5', 223.000000),
('dbb67847-b6d4-4d34-8022-d1ea4890e511', 'cd055a04-86f1-4603-956d-efda37da55e4', 'c7910a27-870b-4d6a-a591-53b3aed24315', 6.100000),
('dd3540c7-e27a-4212-800d-2345dc6f9e34', '6202d22e-481f-4704-9802-c2e9119f5be7', '247b464e-d3d0-434c-8c22-9b90ca9af945', 48.000000),
('dede4dc9-5682-4372-84f9-bdb2d0d2b805', '6202d22e-481f-4704-9802-c2e9119f5be7', 'abbd7b77-5410-42b7-ab39-e35770f07338', 4200.000000),
('df96e5ce-28b3-4dc5-9747-768752fe8636', 'e3c86d0c-0790-41b0-882c-a1348d7d35e2', 'abbd7b77-5410-42b7-ab39-e35770f07338', 5000.000000),
('dfcbc58c-36f2-4f49-9651-82f9f34b1ca4', '82ac4c90-64dc-4c76-a30c-9a1a1a612aa0', '247b464e-d3d0-434c-8c22-9b90ca9af945', 64.000000),
('e143100c-9822-4560-be25-ab72ff3f0404', '9338fc97-aeb5-42f5-a6c5-9e18b31f9ace', '8b0da664-9b9a-4dd7-97b6-c2d6842003a5', 186.000000),
('e226aed1-ce26-4547-8386-2a0b02aec1b3', '6772fbd7-50c4-4247-bb35-f3896c834bb2', '780a1a80-6439-48ba-8463-56fe2d021610', 12.000000),
('e3302c3c-217b-4caf-a596-0ffcd0006149', 'aebc39e9-9f06-464e-ae75-dd8020502004', 'abbd7b77-5410-42b7-ab39-e35770f07338', 4400.000000),
('e4bf7e53-4865-4142-98de-25cfc7ed7316', 'fccc6ef8-63f0-4f9b-99ec-ca994a7b092d', '247b464e-d3d0-434c-8c22-9b90ca9af945', 50.000000),
('e539d7e9-55de-4686-a40d-1a2643aaba85', 'd16567f4-d295-4786-9f6d-38cb49dc44ba', '247b464e-d3d0-434c-8c22-9b90ca9af945', 50.000000),
('e6a8af3c-4051-4d34-b249-31183e64787c', '4a44db45-f413-4fb3-9d5f-dfc2ccbb8d7f', 'c7910a27-870b-4d6a-a591-53b3aed24315', 6.700000),
('e7c0c3b8-6a37-473a-ac62-d5e209b91339', '03e62763-1a64-4c2e-812e-8258099475cd', '55068076-ceb7-4f3e-b5a3-8e15624bfcd0', 15841657.000000),
('e82a5c1b-1ba0-45c7-ac0b-c26d26bd4075', '50859cf3-de9a-4dcc-bf31-8822934f8bd9', '8b0da664-9b9a-4dd7-97b6-c2d6842003a5', 220.000000),
('e92bcd0f-cfcf-44a4-8c3a-74489703b96a', '89fbfd7c-47f8-4895-9e9d-62eac6195e35', '247b464e-d3d0-434c-8c22-9b90ca9af945', 50.000000),
('e998e158-c76f-425e-9094-cc6d0550a673', '1e80dd6e-b637-46f5-9872-c90168cfa1b8', '8b0da664-9b9a-4dd7-97b6-c2d6842003a5', 234.000000),
('e9af64ae-5371-4eac-af91-4c6d4fe79ab4', '09b04d31-537e-419a-b9d7-34ea995a88dd', '780a1a80-6439-48ba-8463-56fe2d021610', 4.000000),
('ea018278-4632-4de6-9caa-0ebc2d3ce341', 'f671ea7b-2ae2-4ec7-a4e4-da4de2b75a45', 'c7910a27-870b-4d6a-a591-53b3aed24315', 6.700000),
('eac83677-508d-4314-80be-f9be95707139', '430e955b-6dd5-4cea-841f-cee945502072', 'c7910a27-870b-4d6a-a591-53b3aed24315', 6.670000),
('ed4676fc-ae58-42f0-946a-33cdcc566ed7', 'd579dd58-d91d-4052-a0b5-c7576cc6c95e', '8b0da664-9b9a-4dd7-97b6-c2d6842003a5', 192.000000),
('f0af82de-108f-48b7-9f86-c973957c84ef', '2050bd5b-cfce-423f-9b55-f8ce82981f11', '780a1a80-6439-48ba-8463-56fe2d021610', 16.000000),
('f0b41593-55a3-47b2-80a3-5c2180473a94', 'd99b499f-400b-41a4-811b-a621486aa2ee', 'c7910a27-870b-4d6a-a591-53b3aed24315', 6.440000),
('f106f76a-b420-497d-ba42-4f581541b7b6', '51afbf74-f107-4e1f-9c75-a5351627ae46', 'abbd7b77-5410-42b7-ab39-e35770f07338', 3600.000000),
('f176ed59-0eca-442b-8bb5-0fff9b9398ef', '330b84c3-7b1e-4271-9487-f5f7090a2059', '8b0da664-9b9a-4dd7-97b6-c2d6842003a5', 227.000000),
('f2d4d717-5534-456e-88fb-ea78b639393d', 'cf6edfaf-ab99-4990-b857-d8c7a2c0c012', '8b0da664-9b9a-4dd7-97b6-c2d6842003a5', 239.000000),
('f3459cb4-651f-4af4-ae0d-bc1aa8a1ea0f', 'fd4c8542-9b5c-46ed-9a12-56778ade7165', 'abbd7b77-5410-42b7-ab39-e35770f07338', 4900.000000),
('f40f5e9d-6ec0-4bbf-8a1d-81386ffc81a3', 'efe83b3e-c3c3-42de-b03f-87eb60fc3cc3', '55068076-ceb7-4f3e-b5a3-8e15624bfcd0', 18345607.000000),
('f46ac0d4-b351-44f3-96ad-368b628a08c6', 'f277736e-f1f1-4563-9b0a-2f7cc06e3c4a', '247b464e-d3d0-434c-8c22-9b90ca9af945', 50.000000),
('f54523ef-88e5-4a41-b99f-2d8faf86188d', '08a17a66-5142-4621-9027-9282143ab8c0', '780a1a80-6439-48ba-8463-56fe2d021610', 12.000000),
('f56249bd-34c7-4815-bdc8-1c1aa3ac2e95', 'fccc6ef8-63f0-4f9b-99ec-ca994a7b092d', '780a1a80-6439-48ba-8463-56fe2d021610', 8.000000),
('f6987258-9655-4373-89c5-c7fa8973fadf', '51afbf74-f107-4e1f-9c75-a5351627ae46', '780a1a80-6439-48ba-8463-56fe2d021610', 6.000000),
('f781516d-ad79-4488-8a9c-6c54667d959c', '89fbfd7c-47f8-4895-9e9d-62eac6195e35', '55068076-ceb7-4f3e-b5a3-8e15624bfcd0', 13337707.000000),
('f9116b01-4a6f-4fd4-8332-081d4f879102', '3a6bd5e7-bd42-46f3-a969-db4b9a42a9e5', '55068076-ceb7-4f3e-b5a3-8e15624bfcd0', 41718070.000000),
('fb7f19a4-7cd6-45ad-96a0-2b738edc119c', '9338fc97-aeb5-42f5-a6c5-9e18b31f9ace', '247b464e-d3d0-434c-8c22-9b90ca9af945', 50.000000),
('fcd1d609-d63d-447f-aa67-f37709a09a05', '89fbfd7c-47f8-4895-9e9d-62eac6195e35', 'abbd7b77-5410-42b7-ab39-e35770f07338', 4000.000000),
('fce55499-90e0-45fe-8e9a-13df1ea93d5c', 'e5541737-7e91-49de-b498-39af89314fd8', 'abbd7b77-5410-42b7-ab39-e35770f07338', 5000.000000),
('ffaee393-95b6-49f4-957b-f01f3ff6cb6d', '1d692b63-76a3-4f78-bc59-328254e32401', 'abbd7b77-5410-42b7-ab39-e35770f07338', 4000.000000);

--
-- Indexes for dumped tables
--

--
-- Indexes for table `alternatif`
--
ALTER TABLE `alternatif`
  ADD PRIMARY KEY (`uuid`),
  ADD UNIQUE KEY `uuid` (`uuid`);

--
-- Indexes for table `bobot`
--
ALTER TABLE `bobot`
  ADD PRIMARY KEY (`uuid`),
  ADD KEY `fk_ahp_to_criterias_a` (`criteria_a_uuid`),
  ADD KEY `fk_ahp_to_criterias_b` (`criteria_b_uuid`);

--
-- Indexes for table `kriteria`
--
ALTER TABLE `kriteria`
  ADD PRIMARY KEY (`uuid`),
  ADD UNIQUE KEY `uuid` (`uuid`);

--
-- Indexes for table `nilai_kriteria`
--
ALTER TABLE `nilai_kriteria`
  ADD PRIMARY KEY (`uuid`),
  ADD UNIQUE KEY `uuid` (`uuid`),
  ADD KEY `fk_alternative_criteria_to_alternatives` (`alternative_uuid`),
  ADD KEY `fk_alternative_criteria_to_criterias` (`criteria_uuid`);

--
-- Constraints for dumped tables
--

--
-- Constraints for table `bobot`
--
ALTER TABLE `bobot`
  ADD CONSTRAINT `fk_ahp_to_criterias_a` FOREIGN KEY (`criteria_a_uuid`) REFERENCES `kriteria` (`uuid`) ON DELETE CASCADE ON UPDATE CASCADE,
  ADD CONSTRAINT `fk_ahp_to_criterias_b` FOREIGN KEY (`criteria_b_uuid`) REFERENCES `kriteria` (`uuid`) ON DELETE CASCADE ON UPDATE CASCADE;

--
-- Constraints for table `nilai_kriteria`
--
ALTER TABLE `nilai_kriteria`
  ADD CONSTRAINT `fk_alternative_criteria_to_alternatives` FOREIGN KEY (`alternative_uuid`) REFERENCES `alternatif` (`uuid`) ON DELETE CASCADE ON UPDATE CASCADE,
  ADD CONSTRAINT `fk_alternative_criteria_to_criterias` FOREIGN KEY (`criteria_uuid`) REFERENCES `kriteria` (`uuid`) ON DELETE CASCADE ON UPDATE CASCADE;
COMMIT;

/*!40101 SET CHARACTER_SET_CLIENT=@OLD_CHARACTER_SET_CLIENT */;
/*!40101 SET CHARACTER_SET_RESULTS=@OLD_CHARACTER_SET_RESULTS */;
/*!40101 SET COLLATION_CONNECTION=@OLD_COLLATION_CONNECTION */;
